ccn_conc,ccn_sursaturation,datetime,pollution_flag,ccn_flag
266.913,0.1,2023-02-01 19:51:54,0.0,0.0
241.134,0.1,2023-02-01 19:51:55,0.0,0.0
231.902,0.1,2023-02-01 19:51:56,0.0,0.0
157.923,0.1,2023-02-01 19:51:57,0.0,0.0
146.949,0.1,2023-02-01 19:51:58,0.0,0.0
73.368,0.1,2023-02-01 19:51:59,0.0,0.0
79.414,0.1,2023-02-01 19:52:00,0.0,0.0
141.724,0.1,2023-02-01 19:52:01,0.0,0.0
160.859,0.1,2023-02-01 19:52:02,0.0,0.0
236.168,0.1,2023-02-01 19:52:03,0.0,0.0
189.886,0.1,2023-02-01 19:52:04,0.0,0.0
214.007,0.1,2023-02-01 19:52:05,0.0,0.0
240.423,0.1,2023-02-01 19:52:06,0.0,0.0
272.567,0.1,2023-02-01 19:52:07,0.0,0.0
224.198,0.1,2023-02-01 19:52:08,0.0,0.0
206.608,0.1,2023-02-01 19:52:09,0.0,0.0
145.911,0.1,2023-02-01 19:52:10,0.0,0.0
156.475,0.1,2023-02-01 19:52:11,0.0,0.0
93.159,0.1,2023-02-01 19:52:12,0.0,0.0
93.847,0.1,2023-02-01 19:52:13,0.0,0.0
134.63,0.1,2023-02-01 19:52:14,0.0,0.0
112.463,0.1,2023-02-01 19:52:15,0.0,0.0
145.811,0.1,2023-02-01 19:52:16,0.0,0.0
192.509,0.1,2023-02-01 19:52:17,0.0,0.0
214.423,0.1,2023-02-01 19:52:18,0.0,0.0
219.679,0.1,2023-02-01 19:52:19,0.0,0.0
233.261,0.1,2023-02-01 19:52:20,0.0,0.0
235.923,0.1,2023-02-01 19:52:21,0.0,0.0
199.078,0.1,2023-02-01 19:52:22,0.0,0.0
182.142,0.1,2023-02-01 19:52:23,0.0,0.0
170.649,0.1,2023-02-01 19:52:24,0.0,0.0
149.551,0.1,2023-02-01 19:52:25,0.0,0.0
101.657,0.1,2023-02-01 19:52:26,0.0,0.0
127.276,0.1,2023-02-01 19:52:27,0.0,0.0
162.989,0.1,2023-02-01 19:52:28,0.0,0.0
146.681,0.1,2023-02-01 19:52:29,0.0,0.0
154.811,0.1,2023-02-01 19:52:30,0.0,0.0
148.982,0.1,2023-02-01 19:52:31,0.0,0.0
191.341,0.1,2023-02-01 19:52:32,0.0,0.0
137.47,0.1,2023-02-01 19:52:33,0.0,0.0
170.131,0.1,2023-02-01 19:52:34,0.0,0.0
177.339,0.1,2023-02-01 19:52:35,0.0,0.0
223.559,0.1,2023-02-01 19:52:36,0.0,0.0
259.852,0.1,2023-02-01 19:52:37,0.0,0.0
234.111,0.1,2023-02-01 19:52:38,0.0,0.0
217.64,0.1,2023-02-01 19:52:39,0.0,0.0
214.882,0.1,2023-02-01 19:52:40,0.0,0.0
188.812,0.1,2023-02-01 19:52:41,0.0,0.0
124.686,0.1,2023-02-01 19:52:42,0.0,0.0
88.703,0.1,2023-02-01 19:52:43,0.0,0.0
54.367,0.1,2023-02-01 19:52:44,0.0,0.0
64.559,0.1,2023-02-01 19:52:45,0.0,0.0
128.719,0.1,2023-02-01 19:52:46,0.0,0.0
187.01,0.1,2023-02-01 19:52:47,0.0,0.0
258.736,0.1,2023-02-01 19:52:48,0.0,0.0
285.446,0.1,2023-02-01 19:52:49,0.0,0.0
279.061,0.1,2023-02-01 19:52:50,0.0,0.0
248.018,0.1,2023-02-01 19:52:51,0.0,0.0
283.682,0.1,2023-02-01 19:52:52,0.0,0.0
222.19,0.1,2023-02-01 19:52:53,0.0,0.0
153.857,0.1,2023-02-01 19:52:54,0.0,0.0
109.083,0.1,2023-02-01 19:52:55,0.0,0.0
44.663,0.1,2023-02-01 19:52:56,0.0,0.0
41.322,0.1,2023-02-01 19:52:57,0.0,0.0
79.175,0.1,2023-02-01 19:52:58,0.0,0.0
166.694,0.1,2023-02-01 19:52:59,0.0,0.0
235.186,0.1,2023-02-01 19:53:00,0.0,0.0
265.776,0.1,2023-02-01 19:53:01,0.0,0.0
284.497,0.1,2023-02-01 19:53:02,0.0,0.0
280.459,0.1,2023-02-01 19:53:03,0.0,0.0
260.648,0.1,2023-02-01 19:53:04,0.0,0.0
254.583,0.1,2023-02-01 19:53:05,0.0,0.0
245.305,0.1,2023-02-01 19:53:06,0.0,0.0
145.827,0.1,2023-02-01 19:53:07,0.0,0.0
95.137,0.1,2023-02-01 19:53:08,0.0,0.0
75.923,0.1,2023-02-01 19:53:09,0.0,0.0
70.349,0.1,2023-02-01 19:53:10,0.0,0.0
89.397,0.1,2023-02-01 19:53:11,0.0,0.0
124.83,0.1,2023-02-01 19:53:12,0.0,0.0
185.871,0.1,2023-02-01 19:53:13,0.0,0.0
221.293,0.1,2023-02-01 19:53:14,0.0,0.0
228.514,0.1,2023-02-01 19:53:15,0.0,0.0
247.076,0.1,2023-02-01 19:53:16,0.0,0.0
220.735,0.1,2023-02-01 19:53:17,0.0,0.0
222.823,0.1,2023-02-01 19:53:18,0.0,0.0
194.17,0.1,2023-02-01 19:53:19,0.0,0.0
212.874,0.1,2023-02-01 19:53:20,0.0,0.0
159.996,0.1,2023-02-01 19:53:21,0.0,0.0
90.102,0.1,2023-02-01 19:53:22,0.0,0.0
92.241,0.1,2023-02-01 19:53:23,0.0,0.0
79.107,0.1,2023-02-01 19:53:24,0.0,0.0
130.673,0.1,2023-02-01 19:53:25,0.0,0.0
170.459,0.1,2023-02-01 19:53:26,0.0,0.0
230.411,0.1,2023-02-01 19:53:27,0.0,0.0
230.303,0.1,2023-02-01 19:53:28,0.0,0.0
225.027,0.1,2023-02-01 19:53:29,0.0,0.0
264.118,0.1,2023-02-01 19:53:30,0.0,0.0
232.564,0.1,2023-02-01 19:53:31,0.0,0.0
134.18,0.1,2023-02-01 19:53:32,0.0,0.0
131.695,0.1,2023-02-01 19:53:33,0.0,0.0
81.202,0.1,2023-02-01 19:53:34,0.0,0.0
107.973,0.1,2023-02-01 19:53:35,0.0,0.0
198.842,0.1,2023-02-01 19:53:36,0.0,0.0
209.531,0.1,2023-02-01 19:53:37,0.0,0.0
225.393,0.1,2023-02-01 19:53:38,0.0,0.0
209.577,0.1,2023-02-01 19:53:39,0.0,0.0
204.321,0.1,2023-02-01 19:53:40,0.0,0.0
212.374,0.1,2023-02-01 19:53:41,0.0,0.0
182.058,0.1,2023-02-01 19:53:42,0.0,0.0
164.191,0.1,2023-02-01 19:53:43,0.0,0.0
89.064,0.1,2023-02-01 19:53:44,0.0,0.0
130.049,0.1,2023-02-01 19:53:45,0.0,0.0
129.064,0.1,2023-02-01 19:53:46,0.0,0.0
190.946,0.1,2023-02-01 19:53:47,0.0,0.0
215.459,0.1,2023-02-01 19:53:48,0.0,0.0
195.866,0.1,2023-02-01 19:53:49,0.0,0.0
188.965,0.1,2023-02-01 19:53:50,0.0,0.0
192.71,0.1,2023-02-01 19:53:51,0.0,0.0
154.012,0.1,2023-02-01 19:53:52,0.0,0.0
150.749,0.1,2023-02-01 19:53:53,0.0,0.0
124.741,0.1,2023-02-01 19:53:54,0.0,0.0
125.953,0.1,2023-02-01 19:53:55,0.0,0.0
134.392,0.1,2023-02-01 19:53:56,0.0,0.0
127.048,0.1,2023-02-01 19:53:57,0.0,0.0
151.369,0.1,2023-02-01 19:53:58,0.0,0.0
168.046,0.1,2023-02-01 19:53:59,0.0,0.0
191.735,0.1,2023-02-01 19:54:00,0.0,0.0
181.657,0.1,2023-02-01 19:54:01,0.0,0.0
185.867,0.1,2023-02-01 19:54:02,0.0,0.0
229.89,0.1,2023-02-01 19:54:03,0.0,0.0
210.571,0.1,2023-02-01 19:54:04,0.0,0.0
231.764,0.1,2023-02-01 19:54:05,0.0,0.0
200.626,0.1,2023-02-01 19:54:06,0.0,0.0
195.079,0.1,2023-02-01 19:54:07,0.0,0.0
146.904,0.1,2023-02-01 19:54:08,0.0,0.0
105.243,0.1,2023-02-01 19:54:09,0.0,0.0
75.723,0.1,2023-02-01 19:54:10,0.0,0.0
115.364,0.1,2023-02-01 19:54:11,0.0,0.0
142.368,0.1,2023-02-01 19:54:12,0.0,0.0
163.084,0.1,2023-02-01 19:54:13,0.0,0.0
181.23,0.1,2023-02-01 19:54:14,0.0,0.0
232.608,0.1,2023-02-01 19:54:15,0.0,0.0
222.021,0.1,2023-02-01 19:54:16,0.0,0.0
182.222,0.1,2023-02-01 19:54:17,0.0,0.0
205.867,0.1,2023-02-01 19:54:18,0.0,0.0
169.694,0.1,2023-02-01 19:54:19,0.0,0.0
155.852,0.1,2023-02-01 19:54:20,0.0,0.0
134.374,0.1,2023-02-01 19:54:21,0.0,0.0
127.74,0.1,2023-02-01 19:54:22,0.0,0.0
138.702,0.1,2023-02-01 19:54:23,0.0,0.0
168.805,0.1,2023-02-01 19:54:24,0.0,0.0
154.914,0.1,2023-02-01 19:54:25,0.0,0.0
190.345,0.1,2023-02-01 19:54:26,0.0,0.0
149.868,0.1,2023-02-01 19:54:27,0.0,0.0
157.761,0.1,2023-02-01 19:54:28,0.0,0.0
172.355,0.1,2023-02-01 19:54:29,0.0,0.0
169.265,0.1,2023-02-01 19:54:30,0.0,0.0
173.754,0.1,2023-02-01 19:54:31,0.0,0.0
243.238,0.1,2023-02-01 19:54:32,0.0,0.0
211.326,0.1,2023-02-01 19:54:33,0.0,0.0
216.457,0.1,2023-02-01 19:54:34,0.0,0.0
229.381,0.1,2023-02-01 19:54:35,0.0,0.0
192.046,0.1,2023-02-01 19:54:36,0.0,0.0
117.516,0.1,2023-02-01 19:54:37,0.0,0.0
86.369,0.1,2023-02-01 19:54:38,0.0,0.0
65.513,0.1,2023-02-01 19:54:39,0.0,0.0
80.259,0.1,2023-02-01 19:54:40,0.0,0.0
189.616,0.1,2023-02-01 19:54:41,0.0,0.0
221.668,0.1,2023-02-01 19:54:42,0.0,0.0
317.425,0.1,2023-02-01 19:54:43,0.0,0.0
267.668,0.1,2023-02-01 19:54:44,0.0,0.0
276.957,0.1,2023-02-01 19:54:45,0.0,0.0
274.249,0.1,2023-02-01 19:54:46,0.0,0.0
251.472,0.1,2023-02-01 19:54:47,0.0,0.0
213.542,0.1,2023-02-01 19:54:48,0.0,0.0
131.667,0.1,2023-02-01 19:54:49,0.0,0.0
104.926,0.1,2023-02-01 19:54:50,0.0,0.0
96.039,0.1,2023-02-01 19:54:51,0.0,0.0
152.169,0.1,2023-02-01 19:54:52,0.0,0.0
180.241,0.1,2023-02-01 19:54:53,0.0,0.0
217.498,0.1,2023-02-01 19:54:54,0.0,0.0
274.51,0.1,2023-02-01 19:54:55,0.0,0.0
245.248,0.1,2023-02-01 19:54:56,0.0,0.0
255.445,0.1,2023-02-01 19:54:57,0.0,0.0
214.222,0.1,2023-02-01 19:54:58,0.0,0.0
202.707,0.1,2023-02-01 19:54:59,0.0,0.0
138.325,0.1,2023-02-01 19:55:00,0.0,0.0
99.112,0.1,2023-02-01 19:55:01,0.0,0.0
108.258,0.1,2023-02-01 19:55:02,0.0,0.0
115.337,0.1,2023-02-01 19:55:03,0.0,0.0
121.974,0.1,2023-02-01 19:55:04,0.0,0.0
122.939,0.1,2023-02-01 19:55:05,0.0,0.0
185.067,0.1,2023-02-01 19:55:06,0.0,0.0
175.169,0.1,2023-02-01 19:55:07,0.0,0.0
200.155,0.1,2023-02-01 19:55:08,0.0,0.0
193.719,0.1,2023-02-01 19:55:09,0.0,0.0
203.801,0.1,2023-02-01 19:55:10,0.0,0.0
188.001,0.1,2023-02-01 19:55:11,0.0,0.0
196.334,0.1,2023-02-01 19:55:12,0.0,0.0
178.601,0.1,2023-02-01 19:55:13,0.0,0.0
119.641,0.1,2023-02-01 19:55:14,0.0,0.0
143.966,0.1,2023-02-01 19:55:15,0.0,0.0
146.953,0.1,2023-02-01 19:55:16,0.0,0.0
180.979,0.1,2023-02-01 19:55:17,0.0,0.0
216.945,0.1,2023-02-01 19:55:18,0.0,0.0
224.97,0.1,2023-02-01 19:55:19,0.0,0.0
214.237,0.1,2023-02-01 19:55:20,0.0,0.0
190.125,0.1,2023-02-01 19:55:21,0.0,0.0
204.885,0.1,2023-02-01 19:55:22,0.0,0.0
161.73,0.1,2023-02-01 19:55:23,0.0,0.0
144.141,0.1,2023-02-01 19:55:24,0.0,0.0
90.776,0.1,2023-02-01 19:55:25,0.0,0.0
108.917,0.1,2023-02-01 19:55:26,0.0,0.0
119.239,0.1,2023-02-01 19:55:27,0.0,0.0
171.92,0.1,2023-02-01 19:55:28,0.0,0.0
172.62,0.1,2023-02-01 19:55:29,0.0,0.0
211.95,0.1,2023-02-01 19:55:30,0.0,0.0
215.197,0.1,2023-02-01 19:55:31,0.0,0.0
252.625,0.1,2023-02-01 19:55:32,0.0,0.0
245.167,0.1,2023-02-01 19:55:33,0.0,0.0
186.812,0.1,2023-02-01 19:55:34,0.0,0.0
123.307,0.1,2023-02-01 19:55:35,0.0,0.0
109.869,0.1,2023-02-01 19:55:36,0.0,0.0
96.565,0.1,2023-02-01 19:55:37,0.0,0.0
134.839,0.1,2023-02-01 19:55:38,0.0,0.0
134.017,0.1,2023-02-01 19:55:39,0.0,0.0
151.32,0.1,2023-02-01 19:55:40,0.0,0.0
177.051,0.1,2023-02-01 19:55:41,0.0,0.0
257.004,0.1,2023-02-01 19:55:42,0.0,0.0
231.12,0.1,2023-02-01 19:55:43,0.0,0.0
285.963,0.1,2023-02-01 19:55:44,0.0,0.0
225.663,0.1,2023-02-01 19:55:45,0.0,0.0
214.227,0.1,2023-02-01 19:55:46,0.0,0.0
230.125,0.1,2023-02-01 19:55:47,0.0,0.0
193.163,0.1,2023-02-01 19:55:48,0.0,0.0
171.056,0.1,2023-02-01 19:55:49,0.0,0.0
151.217,0.1,2023-02-01 19:55:50,0.0,0.0
146.325,0.1,2023-02-01 19:55:51,0.0,0.0
152.839,0.1,2023-02-01 19:55:52,0.0,0.0
83.917,0.1,2023-02-01 19:55:53,0.0,0.0
97.562,0.1,2023-02-01 19:55:54,0.0,0.0
115.981,0.1,2023-02-01 19:55:55,0.0,0.0
119.913,0.1,2023-02-01 19:55:56,0.0,0.0
135.777,0.1,2023-02-01 19:55:57,0.0,0.0
200.245,0.1,2023-02-01 19:55:58,0.0,0.0
217.991,0.1,2023-02-01 19:55:59,0.0,0.0
253.068,0.1,2023-02-01 19:56:00,0.0,0.0
256.973,0.1,2023-02-01 19:56:01,0.0,0.0
188.158,0.1,2023-02-01 19:56:02,0.0,0.0
175.57,0.1,2023-02-01 19:56:03,0.0,0.0
125.588,0.1,2023-02-01 19:56:04,0.0,0.0
136.151,0.1,2023-02-01 19:56:05,0.0,0.0
94.454,0.1,2023-02-01 19:56:06,0.0,0.0
87.725,0.1,2023-02-01 19:56:07,0.0,0.0
105.772,0.1,2023-02-01 19:56:08,0.0,0.0
204.588,0.1,2023-02-01 19:56:09,0.0,0.0
213.584,0.1,2023-02-01 19:56:10,0.0,0.0
227.343,0.1,2023-02-01 19:56:11,0.0,0.0
249.308,0.1,2023-02-01 19:56:12,0.0,0.0
264.848,0.1,2023-02-01 19:56:13,0.0,0.0
277.546,0.1,2023-02-01 19:56:14,0.0,0.0
255.434,0.1,2023-02-01 19:56:15,0.0,0.0
209.382,0.1,2023-02-01 19:56:16,0.0,0.0
142.543,0.1,2023-02-01 19:56:17,0.0,0.0
85.659,0.1,2023-02-01 19:56:18,0.0,0.0
67.273,0.1,2023-02-01 19:56:19,0.0,0.0
80.623,0.1,2023-02-01 19:56:20,0.0,0.0
87.977,0.1,2023-02-01 19:56:21,0.0,0.0
143.246,0.1,2023-02-01 19:56:22,0.0,0.0
195.174,0.1,2023-02-01 19:56:23,0.0,0.0
205.042,0.1,2023-02-01 19:56:24,0.0,0.0
228.833,0.1,2023-02-01 19:56:25,0.0,0.0
242.686,0.1,2023-02-01 19:56:26,0.0,0.0
248.35,0.1,2023-02-01 19:56:27,0.0,0.0
207.315,0.1,2023-02-01 19:56:28,0.0,0.0
190.469,0.1,2023-02-01 19:56:29,0.0,0.0
143.294,0.1,2023-02-01 19:56:30,0.0,0.0
62.698,0.1,2023-02-01 19:56:31,0.0,0.0
41.037,0.1,2023-02-01 19:56:32,0.0,0.0
90.003,0.1,2023-02-01 19:56:33,0.0,0.0
83.424,0.1,2023-02-01 19:56:34,0.0,0.0
147.722,0.1,2023-02-01 19:56:35,0.0,0.0
179.433,0.1,2023-02-01 19:56:36,0.0,0.0
215.145,0.1,2023-02-01 19:56:37,0.0,0.0
249.785,0.1,2023-02-01 19:56:38,0.0,0.0
260.271,0.1,2023-02-01 19:56:39,0.0,0.0
240.229,0.1,2023-02-01 19:56:40,0.0,0.0
194.941,0.1,2023-02-01 19:56:41,0.0,0.0
236.337,0.1,2023-02-01 19:56:42,0.0,0.0
164.252,0.1,2023-02-01 19:56:43,0.0,0.0
110.709,0.1,2023-02-01 19:56:44,0.0,0.0
68.567,0.1,2023-02-01 19:56:45,0.0,0.0
88.625,0.1,2023-02-01 19:56:46,0.0,0.0
106.624,0.1,2023-02-01 19:56:47,0.0,0.0
183.819,0.1,2023-02-01 19:56:48,0.0,0.0
235.1,0.1,2023-02-01 19:56:49,0.0,0.0
280.572,0.1,2023-02-01 19:56:50,0.0,0.0
290.757,0.1,2023-02-01 19:56:51,0.0,0.0
251.679,0.1,2023-02-01 19:56:52,0.0,0.0
255.149,0.1,2023-02-01 19:56:53,0.0,0.0
216.3,0.1,2023-02-01 19:56:54,0.0,0.0
247.554,0.1,2023-02-01 19:56:55,0.0,0.0
135.712,0.1,2023-02-01 19:56:56,0.0,0.0
78.37,0.1,2023-02-01 19:56:57,0.0,0.0
81.98,0.1,2023-02-01 19:56:58,0.0,0.0
81.985,0.1,2023-02-01 19:56:59,0.0,0.0
99.665,0.1,2023-02-01 19:57:00,0.0,0.0
125.449,0.1,2023-02-01 19:57:01,0.0,0.0
154.771,0.1,2023-02-01 19:57:02,0.0,0.0
200.071,0.1,2023-02-01 19:57:03,0.0,0.0
171.939,0.1,2023-02-01 19:57:04,0.0,0.0
210.166,0.1,2023-02-01 19:57:05,0.0,0.0
220.712,0.1,2023-02-01 19:57:06,0.0,0.0
213.303,0.1,2023-02-01 19:57:07,0.0,0.0
164.334,0.1,2023-02-01 19:57:08,0.0,0.0
157.606,0.1,2023-02-01 19:57:09,0.0,0.0
139.31,0.1,2023-02-01 19:57:10,0.0,0.0
151.298,0.1,2023-02-01 19:57:11,0.0,0.0
203.608,0.1,2023-02-01 19:57:12,0.0,0.0
199.691,0.1,2023-02-01 19:57:13,0.0,0.0
199.13,0.1,2023-02-01 19:57:14,0.0,0.0
215.829,0.1,2023-02-01 19:57:15,0.0,0.0
203.082,0.1,2023-02-01 19:57:16,0.0,0.0
161.924,0.1,2023-02-01 19:57:17,0.0,0.0
167.055,0.1,2023-02-01 19:57:18,0.0,0.0
139.536,0.1,2023-02-01 19:57:19,0.0,0.0
114.635,0.1,2023-02-01 19:57:20,0.0,0.0
80.087,0.1,2023-02-01 19:57:21,0.0,0.0
138.67,0.1,2023-02-01 19:57:22,0.0,0.0
192.224,0.1,2023-02-01 19:57:23,0.0,0.0
170.846,0.1,2023-02-01 19:57:24,0.0,0.0
213.376,0.1,2023-02-01 19:57:25,0.0,0.0
222.594,0.1,2023-02-01 19:57:26,0.0,0.0
224.081,0.1,2023-02-01 19:57:27,0.0,0.0
180.572,0.1,2023-02-01 19:57:28,0.0,0.0
155.664,0.1,2023-02-01 19:57:29,0.0,0.0
123.18,0.1,2023-02-01 19:57:30,0.0,0.0
97.686,0.1,2023-02-01 19:57:31,0.0,0.0
54.965,0.1,2023-02-01 19:57:32,0.0,0.0
63.142,0.1,2023-02-01 19:57:33,0.0,0.0
70.431,0.1,2023-02-01 19:57:34,0.0,0.0
160.483,0.1,2023-02-01 19:57:35,0.0,0.0
209.095,0.1,2023-02-01 19:57:36,0.0,0.0
247.652,0.1,2023-02-01 19:57:37,0.0,0.0
232.706,0.1,2023-02-01 19:57:38,0.0,0.0
253.916,0.1,2023-02-01 19:57:39,0.0,0.0
287.314,0.1,2023-02-01 19:57:40,0.0,0.0
277.351,0.1,2023-02-01 19:57:41,0.0,0.0
254.136,0.1,2023-02-01 19:57:42,0.0,0.0
174.135,0.1,2023-02-01 19:57:43,0.0,0.0
110.865,0.1,2023-02-01 19:57:44,0.0,0.0
52.909,0.1,2023-02-01 19:57:45,0.0,0.0
62.875,0.1,2023-02-01 19:57:46,0.0,0.0
102.398,0.1,2023-02-01 19:57:47,0.0,0.0
151.104,0.1,2023-02-01 19:57:48,0.0,0.0
193.178,0.1,2023-02-01 19:57:49,0.0,0.0
226.239,0.1,2023-02-01 19:57:50,0.0,0.0
252.236,0.1,2023-02-01 19:57:51,0.0,0.0
231.147,0.1,2023-02-01 19:57:52,0.0,0.0
213.363,0.1,2023-02-01 19:57:53,0.0,0.0
233.79,0.1,2023-02-01 19:57:54,0.0,0.0
158.04,0.1,2023-02-01 19:57:55,0.0,0.0
151.087,0.1,2023-02-01 19:57:56,0.0,0.0
102.938,0.1,2023-02-01 19:57:57,0.0,0.0
81.609,0.1,2023-02-01 19:57:58,0.0,0.0
86.91,0.1,2023-02-01 19:57:59,0.0,0.0
100.15,0.1,2023-02-01 19:58:00,0.0,0.0
113.197,0.1,2023-02-01 19:58:01,0.0,0.0
156.668,0.1,2023-02-01 19:58:02,0.0,0.0
166.496,0.1,2023-02-01 19:58:03,0.0,0.0
173.717,0.1,2023-02-01 19:58:04,0.0,0.0
180.857,0.1,2023-02-01 19:58:05,0.0,0.0
233.861,0.1,2023-02-01 19:58:06,0.0,0.0
202.472,0.1,2023-02-01 19:58:07,0.0,0.0
230.887,0.1,2023-02-01 19:58:08,0.0,0.0
251.59,0.1,2023-02-01 19:58:09,0.0,0.0
217.85,0.1,2023-02-01 19:58:10,0.0,0.0
144.825,0.1,2023-02-01 19:58:11,0.0,0.0
93.08,0.1,2023-02-01 19:58:12,0.0,0.0
54.17,0.1,2023-02-01 19:58:13,0.0,0.0
75.815,0.1,2023-02-01 19:58:14,0.0,0.0
126.556,0.1,2023-02-01 19:58:15,0.0,0.0
195.998,0.1,2023-02-01 19:58:16,0.0,0.0
247.552,0.1,2023-02-01 19:58:17,0.0,0.0
263.692,0.1,2023-02-01 19:58:18,0.0,0.0
263.59,0.1,2023-02-01 19:58:19,0.0,0.0
265.919,0.1,2023-02-01 19:58:20,0.0,0.0
263.563,0.1,2023-02-01 19:58:21,0.0,0.0
212.302,0.1,2023-02-01 19:58:22,0.0,0.0
162.05,0.1,2023-02-01 19:58:23,0.0,0.0
103.068,0.1,2023-02-01 19:58:24,0.0,0.0
74.317,0.1,2023-02-01 19:58:25,0.0,0.0
73.066,0.1,2023-02-01 19:58:26,0.0,0.0
89.296,0.1,2023-02-01 19:58:27,0.0,0.0
127.13,0.1,2023-02-01 19:58:28,0.0,0.0
176.686,0.1,2023-02-01 19:58:29,0.0,0.0
229.083,0.1,2023-02-01 19:58:30,0.0,0.0
222.151,0.1,2023-02-01 19:58:31,0.0,0.0
223.489,0.1,2023-02-01 19:58:32,0.0,0.0
233.065,0.1,2023-02-01 19:58:33,0.0,0.0
204.496,0.1,2023-02-01 19:58:34,0.0,0.0
226.292,0.1,2023-02-01 19:58:35,0.0,0.0
123.227,0.1,2023-02-01 19:58:36,0.0,0.0
86.787,0.1,2023-02-01 19:58:37,0.0,0.0
85.79,0.1,2023-02-01 19:58:38,0.0,0.0
117.574,0.1,2023-02-01 19:58:39,0.0,0.0
167.975,0.1,2023-02-01 19:58:40,0.0,0.0
213.756,0.1,2023-02-01 19:58:41,0.0,0.0
229.163,0.1,2023-02-01 19:58:42,0.0,0.0
253.016,0.1,2023-02-01 19:58:43,0.0,0.0
280.843,0.1,2023-02-01 19:58:44,0.0,0.0
215.073,0.1,2023-02-01 19:58:45,0.0,0.0
195.275,0.1,2023-02-01 19:58:46,0.0,0.0
172.139,0.1,2023-02-01 19:58:47,0.0,0.0
120.137,0.1,2023-02-01 19:58:48,0.0,0.0
111.569,0.1,2023-02-01 19:58:49,0.0,0.0
140.079,0.1,2023-02-01 19:58:50,0.0,0.0
137.827,0.1,2023-02-01 19:58:51,0.0,0.0
163.072,0.1,2023-02-01 19:58:52,0.0,0.0
195.431,0.1,2023-02-01 19:58:53,0.0,0.0
207.212,0.1,2023-02-01 19:58:54,0.0,0.0
204.851,0.1,2023-02-01 19:58:55,0.0,0.0
189.089,0.1,2023-02-01 19:58:56,0.0,0.0
166.163,0.1,2023-02-01 19:58:57,0.0,0.0
182.03,0.1,2023-02-01 19:58:58,0.0,0.0
161.887,0.1,2023-02-01 19:58:59,0.0,0.0
146.187,0.1,2023-02-01 19:59:00,0.0,0.0
151.418,0.1,2023-02-01 19:59:01,0.0,0.0
151.638,0.1,2023-02-01 19:59:02,0.0,0.0
131.328,0.1,2023-02-01 19:59:03,0.0,0.0
106.638,0.1,2023-02-01 19:59:04,0.0,0.0
113.291,0.1,2023-02-01 19:59:05,0.0,0.0
157.005,0.1,2023-02-01 19:59:06,0.0,0.0
184.965,0.1,2023-02-01 19:59:07,0.0,0.0
218.892,0.1,2023-02-01 19:59:08,0.0,0.0
203.924,0.1,2023-02-01 19:59:09,0.0,0.0
224.62,0.1,2023-02-01 19:59:10,0.0,0.0
214.668,0.1,2023-02-01 19:59:11,0.0,0.0
216.748,0.1,2023-02-01 19:59:12,0.0,0.0
205.362,0.1,2023-02-01 19:59:13,0.0,0.0
168.221,0.1,2023-02-01 19:59:14,0.0,0.0
124.154,0.1,2023-02-01 19:59:15,0.0,0.0
107.188,0.1,2023-02-01 19:59:16,0.0,0.0
135.542,0.1,2023-02-01 19:59:17,0.0,0.0
99.822,0.1,2023-02-01 19:59:18,0.0,0.0
168.589,0.1,2023-02-01 19:59:19,0.0,0.0
161.582,0.1,2023-02-01 19:59:20,0.0,0.0
202.488,0.1,2023-02-01 19:59:21,0.0,0.0
241.76,0.1,2023-02-01 19:59:22,0.0,0.0
235.545,0.1,2023-02-01 19:59:23,0.0,0.0
246.945,0.1,2023-02-01 19:59:24,0.0,0.0
228.285,0.1,2023-02-01 19:59:25,0.0,0.0
219.762,0.1,2023-02-01 19:59:26,0.0,0.0
199.422,0.1,2023-02-01 19:59:27,0.0,0.0
133.18,0.1,2023-02-01 19:59:28,0.0,0.0
80.603,0.1,2023-02-01 19:59:29,0.0,0.0
146.04,0.1,2023-02-01 19:59:30,0.0,0.0
139.649,0.1,2023-02-01 19:59:31,0.0,0.0
146.673,0.1,2023-02-01 19:59:32,0.0,0.0
152.745,0.1,2023-02-01 19:59:33,0.0,0.0
191.599,0.1,2023-02-01 19:59:34,0.0,0.0
202.509,0.1,2023-02-01 19:59:35,0.0,0.0
229.646,0.1,2023-02-01 19:59:36,0.0,0.0
154.446,0.1,2023-02-01 19:59:37,0.0,0.0
203.656,0.1,2023-02-01 19:59:38,0.0,0.0
209.037,0.1,2023-02-01 19:59:39,0.0,0.0
190.479,0.1,2023-02-01 19:59:40,0.0,0.0
212.453,0.1,2023-02-01 19:59:41,0.0,0.0
171.425,0.1,2023-02-01 19:59:42,0.0,0.0
155.53,0.1,2023-02-01 19:59:43,0.0,0.0
109.825,0.1,2023-02-01 19:59:44,0.0,0.0
95.241,0.1,2023-02-01 19:59:45,0.0,0.0
91.932,0.1,2023-02-01 19:59:46,0.0,0.0
133.172,0.1,2023-02-01 19:59:47,0.0,0.0
181.264,0.1,2023-02-01 19:59:48,0.0,0.0
195.037,0.1,2023-02-01 19:59:49,0.0,0.0
224.598,0.1,2023-02-01 19:59:50,0.0,0.0
207.826,0.1,2023-02-01 19:59:51,0.0,0.0
196.688,0.1,2023-02-01 19:59:52,0.0,0.0
211.076,0.1,2023-02-01 19:59:53,0.0,0.0
169.139,0.1,2023-02-01 19:59:54,0.0,0.0
99.321,0.1,2023-02-01 19:59:55,0.0,0.0
96.201,0.1,2023-02-01 19:59:56,0.0,0.0
61.966,0.1,2023-02-01 19:59:57,0.0,0.0
64.661,0.1,2023-02-01 19:59:58,0.0,0.0
96.238,0.1,2023-02-01 19:59:59,0.0,0.0
247.538,0.1,2023-02-01 20:00:02,0.0,0.0
290.075,0.1,2023-02-01 20:00:03,0.0,0.0
269.83,0.1,2023-02-01 20:00:04,0.0,0.0
277.24,0.1,2023-02-01 20:00:05,0.0,0.0
234.388,0.1,2023-02-01 20:00:06,0.0,0.0
212.256,0.1,2023-02-01 20:00:07,0.0,0.0
89.95,0.1,2023-02-01 20:00:08,0.0,0.0
57.014,0.1,2023-02-01 20:00:09,0.0,0.0
34.272,0.1,2023-02-01 20:00:10,0.0,0.0
153.346,0.1,2023-02-01 20:00:11,0.0,0.0
322.349,0.1,2023-02-01 20:00:12,0.0,0.0
306.293,0.1,2023-02-01 20:00:13,0.0,0.0
316.274,0.1,2023-02-01 20:00:14,0.0,0.0
338.98,0.1,2023-02-01 20:00:15,0.0,0.0
308.441,0.1,2023-02-01 20:00:16,0.0,0.0
340.458,0.1,2023-02-01 20:00:17,0.0,0.0
260.542,0.1,2023-02-01 20:00:18,0.0,0.0
236.111,0.1,2023-02-01 20:00:19,0.0,0.0
105.674,0.1,2023-02-01 20:00:20,0.0,0.0
67.657,0.1,2023-02-01 20:00:21,0.0,0.0
69.083,0.1,2023-02-01 20:00:22,0.0,0.0
143.478,0.1,2023-02-01 20:00:23,0.0,0.0
199.851,0.1,2023-02-01 20:00:24,0.0,0.0
261.973,0.1,2023-02-01 20:00:25,0.0,0.0
279.332,0.1,2023-02-01 20:00:26,0.0,0.0
262.946,0.1,2023-02-01 20:00:27,0.0,0.0
283.653,0.1,2023-02-01 20:00:28,0.0,0.0
253.705,0.1,2023-02-01 20:00:29,0.0,0.0
237.643,0.1,2023-02-01 20:00:30,0.0,0.0
188.611,0.1,2023-02-01 20:00:31,0.0,0.0
152.926,0.1,2023-02-01 20:00:32,0.0,0.0
109.33,0.1,2023-02-01 20:00:33,0.0,0.0
118.549,0.1,2023-02-01 20:00:34,0.0,0.0
140.33,0.1,2023-02-01 20:00:35,0.0,0.0
164.831,0.1,2023-02-01 20:00:36,0.0,0.0
215.913,0.1,2023-02-01 20:00:37,0.0,0.0
160.564,0.1,2023-02-01 20:00:38,0.0,0.0
245.495,0.1,2023-02-01 20:00:39,0.0,0.0
197.917,0.1,2023-02-01 20:00:40,0.0,0.0
208.546,0.1,2023-02-01 20:00:41,0.0,0.0
163.853,0.1,2023-02-01 20:00:42,0.0,0.0
125.276,0.1,2023-02-01 20:00:43,0.0,0.0
103.508,0.1,2023-02-01 20:00:44,0.0,0.0
128.206,0.1,2023-02-01 20:00:45,0.0,0.0
125.945,0.1,2023-02-01 20:00:46,0.0,0.0
159.188,0.1,2023-02-01 20:00:47,0.0,0.0
157.66,0.1,2023-02-01 20:00:48,0.0,0.0
134.063,0.1,2023-02-01 20:00:49,0.0,0.0
191.536,0.1,2023-02-01 20:00:50,0.0,0.0
222.675,0.1,2023-02-01 20:00:51,0.0,0.0
214.55,0.1,2023-02-01 20:00:52,0.0,0.0
212.075,0.1,2023-02-01 20:00:53,0.0,0.0
207.098,0.1,2023-02-01 20:00:54,0.0,0.0
222.09,0.1,2023-02-01 20:00:55,0.0,0.0
176.341,0.1,2023-02-01 20:00:56,0.0,0.0
178.999,0.1,2023-02-01 20:00:57,0.0,0.0
122.655,0.1,2023-02-01 20:00:58,0.0,0.0
104.053,0.1,2023-02-01 20:00:59,0.0,0.0
111.509,0.1,2023-02-01 20:01:00,0.0,0.0
177.585,0.1,2023-02-01 20:01:01,0.0,0.0
218.716,0.1,2023-02-01 20:01:02,0.0,0.0
264.962,0.1,2023-02-01 20:01:03,0.0,0.0
264.095,0.1,2023-02-01 20:01:04,0.0,0.0
208.341,0.1,2023-02-01 20:01:05,0.0,0.0
213.326,0.1,2023-02-01 20:01:06,0.0,0.0
232.989,0.1,2023-02-01 20:01:07,0.0,0.0
147.159,0.1,2023-02-01 20:01:08,0.0,0.0
82.989,0.1,2023-02-01 20:01:09,0.0,0.0
72.713,0.1,2023-02-01 20:01:10,0.0,0.0
103.259,0.1,2023-02-01 20:01:11,0.0,0.0
197.138,0.1,2023-02-01 20:01:12,0.0,0.0
248.217,0.1,2023-02-01 20:01:13,0.0,0.0
237.178,0.1,2023-02-01 20:01:14,0.0,0.0
267.301,0.1,2023-02-01 20:01:15,0.0,0.0
201.18,0.1,2023-02-01 20:01:16,0.0,0.0
258.817,0.1,2023-02-01 20:01:17,0.0,0.0
211.943,0.1,2023-02-01 20:01:18,0.0,0.0
186.151,0.1,2023-02-01 20:01:19,0.0,0.0
100.124,0.1,2023-02-01 20:01:20,0.0,0.0
93.921,0.1,2023-02-01 20:01:21,0.0,0.0
76.737,0.1,2023-02-01 20:01:22,0.0,0.0
99.964,0.1,2023-02-01 20:01:23,0.0,0.0
197.617,0.1,2023-02-01 20:01:24,0.0,0.0
215.545,0.1,2023-02-01 20:01:25,0.0,0.0
226.915,0.1,2023-02-01 20:01:26,0.0,0.0
243.24,0.1,2023-02-01 20:01:27,0.0,0.0
171.465,0.1,2023-02-01 20:01:28,0.0,0.0
186.825,0.1,2023-02-01 20:01:29,0.0,0.0
174.046,0.1,2023-02-01 20:01:30,0.0,0.0
158.277,0.1,2023-02-01 20:01:31,0.0,0.0
133.755,0.1,2023-02-01 20:01:32,0.0,0.0
121.012,0.1,2023-02-01 20:01:33,0.0,0.0
136.876,0.1,2023-02-01 20:01:34,0.0,0.0
143.863,0.1,2023-02-01 20:01:35,0.0,0.0
173.771,0.1,2023-02-01 20:01:36,0.0,0.0
216.354,0.1,2023-02-01 20:01:37,0.0,0.0
195.318,0.1,2023-02-01 20:01:38,0.0,0.0
239.052,0.1,2023-02-01 20:01:39,0.0,0.0
257.903,0.1,2023-02-01 20:01:40,0.0,0.0
215.607,0.1,2023-02-01 20:01:41,0.0,0.0
179.378,0.1,2023-02-01 20:01:42,0.0,0.0
177.893,0.1,2023-02-01 20:01:43,0.0,0.0
92.091,0.1,2023-02-01 20:01:44,0.0,0.0
109.687,0.1,2023-02-01 20:01:45,0.0,0.0
123.749,0.1,2023-02-01 20:01:46,0.0,0.0
149.477,0.1,2023-02-01 20:01:47,0.0,0.0
190.766,0.1,2023-02-01 20:01:48,0.0,0.0
190.793,0.1,2023-02-01 20:01:49,0.0,0.0
234.403,0.1,2023-02-01 20:01:50,0.0,0.0
212.223,0.1,2023-02-01 20:01:51,0.0,0.0
192.292,0.1,2023-02-01 20:01:52,0.0,0.0
217.583,0.1,2023-02-01 20:01:53,0.0,0.0
210.838,0.1,2023-02-01 20:01:54,0.0,0.0
169.544,0.1,2023-02-01 20:01:55,0.0,0.0
159.488,0.1,2023-02-01 20:01:56,0.0,0.0
139.012,0.1,2023-02-01 20:01:57,0.0,0.0
206.084,0.1,2023-02-01 20:01:58,0.0,0.0
129.1,0.1,2023-02-01 20:01:59,0.0,0.0
124.149,0.1,2023-02-01 20:02:00,0.0,0.0
114.657,0.1,2023-02-01 20:02:01,0.0,0.0
102.668,0.1,2023-02-01 20:02:02,0.0,0.0
128.459,0.1,2023-02-01 20:02:03,0.0,0.0
117.531,0.1,2023-02-01 20:02:04,0.0,0.0
128.761,0.1,2023-02-01 20:02:05,0.0,0.0
156.945,0.1,2023-02-01 20:02:06,0.0,0.0
198.904,0.1,2023-02-01 20:02:07,0.0,0.0
237.755,0.1,2023-02-01 20:02:08,0.0,0.0
267.577,0.1,2023-02-01 20:02:09,0.0,0.0
295.089,0.1,2023-02-01 20:02:10,0.0,0.0
189.279,0.1,2023-02-01 20:02:11,0.0,0.0
115.997,0.1,2023-02-01 20:02:12,0.0,0.0
99.901,0.1,2023-02-01 20:02:13,0.0,0.0
68.753,0.1,2023-02-01 20:02:14,0.0,0.0
96.072,0.1,2023-02-01 20:02:15,0.0,0.0
194.268,0.1,2023-02-01 20:02:16,0.0,0.0
278.64,0.1,2023-02-01 20:02:17,0.0,0.0
264.96,0.1,2023-02-01 20:02:18,0.0,0.0
293.603,0.1,2023-02-01 20:02:19,0.0,0.0
265.095,0.1,2023-02-01 20:02:20,0.0,0.0
304.342,0.1,2023-02-01 20:02:21,0.0,0.0
258.392,0.1,2023-02-01 20:02:22,0.0,0.0
185.914,0.1,2023-02-01 20:02:23,0.0,0.0
108.173,0.1,2023-02-01 20:02:24,0.0,0.0
80.419,0.1,2023-02-01 20:02:25,0.0,0.0
60.584,0.1,2023-02-01 20:02:26,0.0,0.0
109.743,0.1,2023-02-01 20:02:27,0.0,0.0
202.139,0.1,2023-02-01 20:02:28,0.0,0.0
283.682,0.1,2023-02-01 20:02:29,0.0,0.0
278.131,0.1,2023-02-01 20:02:30,0.0,0.0
228.781,0.1,2023-02-01 20:02:31,0.0,0.0
343.131,0.1,2023-02-01 20:02:32,0.0,0.0
262.013,0.1,2023-02-01 20:02:33,0.0,0.0
263.373,0.1,2023-02-01 20:02:34,0.0,0.0
255.065,0.1,2023-02-01 20:02:35,0.0,0.0
159.542,0.1,2023-02-01 20:02:36,0.0,0.0
74.052,0.1,2023-02-01 20:02:37,0.0,0.0
80.49,0.1,2023-02-01 20:02:38,0.0,0.0
80.364,0.1,2023-02-01 20:02:39,0.0,0.0
119.254,0.1,2023-02-01 20:02:40,0.0,0.0
167.36,0.1,2023-02-01 20:02:41,0.0,0.0
219.277,0.1,2023-02-01 20:02:42,0.0,0.0
235.88,0.1,2023-02-01 20:02:43,0.0,0.0
165.048,0.1,2023-02-01 20:02:44,0.0,0.0
214.992,0.1,2023-02-01 20:02:45,0.0,0.0
217.72,0.1,2023-02-01 20:02:46,0.0,0.0
174.343,0.1,2023-02-01 20:02:47,0.0,0.0
226.161,0.1,2023-02-01 20:02:48,0.0,0.0
197.522,0.1,2023-02-01 20:02:49,0.0,0.0
190.517,0.1,2023-02-01 20:02:50,0.0,0.0
166.161,0.1,2023-02-01 20:02:51,0.0,0.0
189.76,0.1,2023-02-01 20:02:52,0.0,0.0
138.22,0.1,2023-02-01 20:02:53,0.0,0.0
141.488,0.1,2023-02-01 20:02:54,0.0,0.0
101.874,0.1,2023-02-01 20:02:55,0.0,0.0
93.488,0.1,2023-02-01 20:02:56,0.0,0.0
79.807,0.1,2023-02-01 20:02:57,0.0,0.0
118.861,0.1,2023-02-01 20:02:58,0.0,0.0
168.248,0.1,2023-02-01 20:02:59,0.0,0.0
261.392,0.1,2023-02-01 20:03:00,0.0,0.0
313.423,0.1,2023-02-01 20:03:01,0.0,0.0
285.659,0.1,2023-02-01 20:03:02,0.0,0.0
252.16,0.1,2023-02-01 20:03:03,0.0,0.0
250.839,0.1,2023-02-01 20:03:04,0.0,0.0
282.518,0.1,2023-02-01 20:03:05,0.0,0.0
191.899,0.1,2023-02-01 20:03:06,0.0,0.0
107.216,0.1,2023-02-01 20:03:07,0.0,0.0
75.204,0.1,2023-02-01 20:03:08,0.0,0.0
78.703,0.1,2023-02-01 20:03:09,0.0,0.0
117.861,0.1,2023-02-01 20:03:10,0.0,0.0
172.756,0.1,2023-02-01 20:03:11,0.0,0.0
234.565,0.1,2023-02-01 20:03:12,0.0,0.0
245.232,0.1,2023-02-01 20:03:13,0.0,0.0
256.473,0.1,2023-02-01 20:03:14,0.0,0.0
273.751,0.1,2023-02-01 20:03:15,0.0,0.0
243.546,0.1,2023-02-01 20:03:16,0.0,0.0
275.938,0.1,2023-02-01 20:03:17,0.0,0.0
236.381,0.1,2023-02-01 20:03:18,0.0,0.0
135.389,0.1,2023-02-01 20:03:19,0.0,0.0
95.473,0.1,2023-02-01 20:03:20,0.0,0.0
74.287,0.1,2023-02-01 20:03:21,0.0,0.0
110.301,0.1,2023-02-01 20:03:22,0.0,0.0
140.745,0.1,2023-02-01 20:03:23,0.0,0.0
205.746,0.1,2023-02-01 20:03:24,0.0,0.0
231.143,0.1,2023-02-01 20:03:25,0.0,0.0
217.143,0.1,2023-02-01 20:03:26,0.0,0.0
217.725,0.1,2023-02-01 20:03:27,0.0,0.0
246.355,0.1,2023-02-01 20:03:28,0.0,0.0
249.966,0.1,2023-02-01 20:03:29,0.0,0.0
184.551,0.1,2023-02-01 20:03:30,0.0,0.0
184.816,0.1,2023-02-01 20:03:31,0.0,0.0
143.971,0.1,2023-02-01 20:03:32,0.0,0.0
116.61,0.1,2023-02-01 20:03:33,0.0,0.0
97.701,0.1,2023-02-01 20:03:34,0.0,0.0
100.692,0.1,2023-02-01 20:03:35,0.0,0.0
117.628,0.1,2023-02-01 20:03:36,0.0,0.0
112.805,0.1,2023-02-01 20:03:37,0.0,0.0
179.051,0.1,2023-02-01 20:03:38,0.0,0.0
170.538,0.1,2023-02-01 20:03:39,0.0,0.0
156.345,0.1,2023-02-01 20:03:40,0.0,0.0
204.411,0.1,2023-02-01 20:03:41,0.0,0.0
204.216,0.1,2023-02-01 20:03:42,0.0,0.0
229.975,0.1,2023-02-01 20:03:43,0.0,0.0
228.968,0.1,2023-02-01 20:03:44,0.0,0.0
202.671,0.1,2023-02-01 20:03:45,0.0,0.0
162.405,0.1,2023-02-01 20:03:46,0.0,0.0
173.284,0.1,2023-02-01 20:03:47,0.0,0.0
107.754,0.1,2023-02-01 20:03:48,0.0,0.0
66.25,0.1,2023-02-01 20:03:49,0.0,0.0
75.929,0.1,2023-02-01 20:03:50,0.0,0.0
70.821,0.1,2023-02-01 20:03:51,0.0,0.0
106.022,0.1,2023-02-01 20:03:52,0.0,0.0
180.011,0.1,2023-02-01 20:03:53,0.0,0.0
243.124,0.1,2023-02-01 20:03:54,0.0,0.0
247.906,0.1,2023-02-01 20:03:55,0.0,0.0
235.373,0.1,2023-02-01 20:03:56,0.0,0.0
291.678,0.1,2023-02-01 20:03:57,0.0,0.0
247.523,0.1,2023-02-01 20:03:58,0.0,0.0
228.51,0.1,2023-02-01 20:03:59,0.0,0.0
165.39,0.1,2023-02-01 20:04:00,0.0,0.0
119.868,0.1,2023-02-01 20:04:01,0.0,0.0
140.976,0.1,2023-02-01 20:04:02,0.0,0.0
154.689,0.1,2023-02-01 20:04:03,0.0,0.0
218.74,0.1,2023-02-01 20:04:04,0.0,0.0
198.062,0.1,2023-02-01 20:04:05,0.0,0.0
209.625,0.1,2023-02-01 20:04:06,0.0,0.0
250.438,0.1,2023-02-01 20:04:07,0.0,0.0
236.809,0.1,2023-02-01 20:04:08,0.0,0.0
207.379,0.1,2023-02-01 20:04:09,0.0,0.0
176.224,0.1,2023-02-01 20:04:10,0.0,0.0
156.942,0.1,2023-02-01 20:04:11,0.0,0.0
152.846,0.1,2023-02-01 20:04:12,0.0,0.0
125.074,0.1,2023-02-01 20:04:13,0.0,0.0
163.619,0.1,2023-02-01 20:04:14,0.0,0.0
162.454,0.1,2023-02-01 20:04:15,0.0,0.0
175.745,0.1,2023-02-01 20:04:16,0.0,0.0
175.219,0.1,2023-02-01 20:04:17,0.0,0.0
148.725,0.1,2023-02-01 20:04:18,0.0,0.0
178.506,0.1,2023-02-01 20:04:19,0.0,0.0
159.817,0.1,2023-02-01 20:04:20,0.0,0.0
204.469,0.1,2023-02-01 20:04:21,0.0,0.0
164.103,0.1,2023-02-01 20:04:22,0.0,0.0
159.389,0.1,2023-02-01 20:04:23,0.0,0.0
141.313,0.1,2023-02-01 20:04:24,0.0,0.0
114.297,0.1,2023-02-01 20:04:25,0.0,0.0
165.186,0.1,2023-02-01 20:04:26,0.0,0.0
171.633,0.1,2023-02-01 20:04:27,0.0,0.0
177.094,0.1,2023-02-01 20:04:28,0.0,0.0
143.661,0.1,2023-02-01 20:04:29,0.0,0.0
173.464,0.1,2023-02-01 20:04:30,0.0,0.0
212.383,0.1,2023-02-01 20:04:31,0.0,0.0
191.583,0.1,2023-02-01 20:04:32,0.0,0.0
188.896,0.1,2023-02-01 20:04:33,0.0,0.0
201.626,0.1,2023-02-01 20:04:34,0.0,0.0
159.876,0.1,2023-02-01 20:04:35,0.0,0.0
157.445,0.1,2023-02-01 20:04:36,0.0,0.0
147.983,0.1,2023-02-01 20:04:37,0.0,0.0
151.286,0.1,2023-02-01 20:04:38,0.0,0.0
114.603,0.1,2023-02-01 20:04:39,0.0,0.0
168.461,0.1,2023-02-01 20:04:40,0.0,0.0
153.633,0.1,2023-02-01 20:04:41,0.0,0.0
177.559,0.1,2023-02-01 20:04:42,0.0,0.0
170.772,0.1,2023-02-01 20:04:43,0.0,0.0
191.519,0.1,2023-02-01 20:04:44,0.0,0.0
217.136,0.1,2023-02-01 20:04:45,0.0,0.0
205.283,0.1,2023-02-01 20:04:46,0.0,0.0
193.268,0.1,2023-02-01 20:04:47,0.0,0.0
142.499,0.1,2023-02-01 20:04:48,0.0,0.0
183.877,0.1,2023-02-01 20:04:49,0.0,0.0
150.235,0.1,2023-02-01 20:04:50,0.0,0.0
179.547,0.1,2023-02-01 20:04:51,0.0,0.0
123.257,0.1,2023-02-01 01:33:19,0.0,0.0
106.126,0.1,2023-02-01 01:33:20,0.0,0.0
109.146,0.1,2023-02-01 01:33:21,0.0,0.0
127.427,0.1,2023-02-01 01:33:22,0.0,0.0
109.224,0.1,2023-02-01 01:33:23,0.0,0.0
108.213,0.1,2023-02-01 01:33:24,0.0,0.0
84.287,0.1,2023-02-01 01:33:25,0.0,0.0
93.694,0.1,2023-02-01 01:33:26,0.0,0.0
64.934,0.1,2023-02-01 01:33:27,0.0,0.0
75.566,0.1,2023-02-01 01:33:28,0.0,0.0
103.238,0.1,2023-02-01 01:33:29,0.0,0.0
76.322,0.1,2023-02-01 01:33:30,0.0,0.0
84.128,0.1,2023-02-01 01:33:31,0.0,0.0
66.018,0.1,2023-02-01 01:33:32,0.0,0.0
108.104,0.1,2023-02-01 01:33:33,0.0,0.0
94.625,0.1,2023-02-01 01:33:34,0.0,0.0
87.338,0.1,2023-02-01 01:33:35,0.0,0.0
107.526,0.1,2023-02-01 01:33:36,0.0,0.0
106.09,0.1,2023-02-01 01:33:37,0.0,0.0
114.133,0.1,2023-02-01 01:33:38,0.0,0.0
106.94,0.1,2023-02-01 01:33:39,0.0,0.0
108.684,0.1,2023-02-01 01:33:40,0.0,0.0
72.493,0.1,2023-02-01 01:33:41,0.0,0.0
104.428,0.1,2023-02-01 01:33:42,0.0,0.0
96.135,0.1,2023-02-01 01:33:43,0.0,0.0
82.608,0.1,2023-02-01 01:33:44,0.0,0.0
73.966,0.1,2023-02-01 01:33:45,0.0,0.0
75.031,0.1,2023-02-01 01:33:46,0.0,0.0
92.579,0.1,2023-02-01 01:33:47,0.0,0.0
106.865,0.1,2023-02-01 01:33:48,0.0,0.0
120.702,0.1,2023-02-01 01:33:49,0.0,0.0
160.125,0.1,2023-02-01 01:33:50,0.0,0.0
165.978,0.1,2023-02-01 01:33:51,0.0,0.0
150.687,0.1,2023-02-01 01:33:52,0.0,0.0
123.296,0.1,2023-02-01 01:33:53,0.0,0.0
106.484,0.1,2023-02-01 01:33:54,0.0,0.0
82.759,0.1,2023-02-01 01:33:55,0.0,0.0
72.921,0.1,2023-02-01 01:33:56,0.0,0.0
78.491,0.1,2023-02-01 01:33:57,0.0,0.0
67.006,0.1,2023-02-01 01:33:58,0.0,0.0
79.126,0.1,2023-02-01 01:33:59,0.0,0.0
54.281,0.1,2023-02-01 01:34:00,0.0,0.0
95.989,0.1,2023-02-01 01:34:01,0.0,0.0
100.816,0.1,2023-02-01 01:34:02,0.0,0.0
102.688,0.1,2023-02-01 01:34:03,0.0,0.0
120.784,0.1,2023-02-01 01:34:04,0.0,0.0
123.242,0.1,2023-02-01 01:34:05,0.0,0.0
121.922,0.1,2023-02-01 01:34:06,0.0,0.0
137.563,0.1,2023-02-01 01:34:07,0.0,0.0
159.936,0.1,2023-02-01 01:34:08,0.0,0.0
118.77,0.1,2023-02-01 01:34:09,0.0,0.0
110.003,0.1,2023-02-01 01:34:10,0.0,0.0
75.217,0.1,2023-02-01 01:34:11,0.0,0.0
75.574,0.1,2023-02-01 01:34:12,0.0,0.0
67.32,0.1,2023-02-01 01:34:13,0.0,0.0
47.362,0.1,2023-02-01 01:34:14,0.0,0.0
53.125,0.1,2023-02-01 01:34:15,0.0,0.0
60.319,0.1,2023-02-01 01:34:16,0.0,0.0
104.91,0.1,2023-02-01 01:34:17,0.0,0.0
132.097,0.1,2023-02-01 01:34:18,0.0,0.0
132.086,0.1,2023-02-01 01:34:19,0.0,0.0
151.087,0.1,2023-02-01 01:34:20,0.0,0.0
165.103,0.1,2023-02-01 01:34:21,0.0,0.0
170.968,0.1,2023-02-01 01:34:22,0.0,0.0
143.488,0.1,2023-02-01 01:34:23,0.0,0.0
136.593,0.1,2023-02-01 01:34:24,0.0,0.0
79.285,0.1,2023-02-01 01:34:25,0.0,0.0
79.218,0.1,2023-02-01 01:34:26,0.0,0.0
91.726,0.1,2023-02-01 01:34:27,0.0,0.0
68.167,0.1,2023-02-01 01:34:28,0.0,0.0
70.084,0.1,2023-02-01 01:34:29,0.0,0.0
97.968,0.1,2023-02-01 01:34:30,0.0,0.0
102.571,0.1,2023-02-01 01:34:31,0.0,0.0
113.927,0.1,2023-02-01 01:34:32,0.0,0.0
126.501,0.1,2023-02-01 01:34:33,0.0,0.0
118.406,0.1,2023-02-01 01:34:34,0.0,0.0
108.961,0.1,2023-02-01 01:34:35,0.0,0.0
118.408,0.1,2023-02-01 01:34:36,0.0,0.0
96.566,0.1,2023-02-01 01:34:37,0.0,0.0
100.936,0.1,2023-02-01 01:34:38,0.0,0.0
90.075,0.1,2023-02-01 01:34:39,0.0,0.0
89.405,0.1,2023-02-01 01:34:40,0.0,0.0
117.483,0.1,2023-02-01 01:34:41,0.0,0.0
97.97,0.1,2023-02-01 01:34:42,0.0,0.0
128.452,0.1,2023-02-01 01:34:43,0.0,0.0
103.861,0.1,2023-02-01 01:34:44,0.0,0.0
86.914,0.1,2023-02-01 01:34:45,0.0,0.0
90.252,0.1,2023-02-01 01:34:46,0.0,0.0
89.712,0.1,2023-02-01 01:34:47,0.0,0.0
74.631,0.1,2023-02-01 01:34:48,0.0,0.0
69.889,0.1,2023-02-01 01:34:49,0.0,0.0
78.675,0.1,2023-02-01 01:34:50,0.0,0.0
101.484,0.1,2023-02-01 01:34:51,0.0,0.0
96.743,0.1,2023-02-01 01:34:52,0.0,0.0
93.49,0.1,2023-02-01 01:34:53,0.0,0.0
113.35,0.1,2023-02-01 01:34:54,0.0,0.0
96.024,0.1,2023-02-01 01:34:55,0.0,0.0
158.009,0.1,2023-02-01 01:34:56,0.0,0.0
117.673,0.1,2023-02-01 01:34:57,0.0,0.0
121.516,0.1,2023-02-01 01:34:58,0.0,0.0
100.896,0.1,2023-02-01 01:34:59,0.0,0.0
83.313,0.1,2023-02-01 01:35:00,0.0,0.0
64.586,0.1,2023-02-01 01:35:01,0.0,0.0
90.651,0.1,2023-02-01 01:35:02,0.0,0.0
64.916,0.1,2023-02-01 01:35:03,0.0,0.0
70.878,0.1,2023-02-01 01:35:04,0.0,0.0
86.118,0.1,2023-02-01 01:35:05,0.0,0.0
97.029,0.1,2023-02-01 01:35:06,0.0,0.0
128.567,0.1,2023-02-01 01:35:07,0.0,0.0
128.497,0.1,2023-02-01 01:35:08,0.0,0.0
146.436,0.1,2023-02-01 01:35:09,0.0,0.0
147.369,0.1,2023-02-01 01:35:10,0.0,0.0
122.282,0.1,2023-02-01 01:35:11,0.0,0.0
130.216,0.1,2023-02-01 01:35:12,0.0,0.0
114.626,0.1,2023-02-01 01:35:13,0.0,0.0
130.083,0.1,2023-02-01 01:35:14,0.0,0.0
92.538,0.1,2023-02-01 01:35:15,0.0,0.0
60.917,0.1,2023-02-01 01:35:16,0.0,0.0
71.952,0.1,2023-02-01 01:35:17,0.0,0.0
76.075,0.1,2023-02-01 01:35:18,0.0,0.0
82.966,0.1,2023-02-01 01:35:19,0.0,0.0
75.889,0.1,2023-02-01 01:35:20,0.0,0.0
92.755,0.1,2023-02-01 01:35:21,0.0,0.0
110.695,0.1,2023-02-01 01:35:22,0.0,0.0
106.186,0.1,2023-02-01 01:35:23,0.0,0.0
123.277,0.1,2023-02-01 01:35:24,0.0,0.0
147.164,0.1,2023-02-01 01:35:25,0.0,0.0
138.575,0.1,2023-02-01 01:35:26,0.0,0.0
135.103,0.1,2023-02-01 01:35:27,0.0,0.0
176.744,0.1,2023-02-01 01:35:28,0.0,0.0
161.458,0.1,2023-02-01 01:35:29,0.0,0.0
118.283,0.1,2023-02-01 01:35:30,0.0,0.0
90.636,0.1,2023-02-01 01:35:31,0.0,0.0
72.118,0.1,2023-02-01 01:35:32,0.0,0.0
76.534,0.1,2023-02-01 01:35:33,0.0,0.0
79.169,0.1,2023-02-01 01:35:34,0.0,0.0
74.196,0.1,2023-02-01 01:35:35,0.0,0.0
108.2,0.1,2023-02-01 01:35:36,0.0,0.0
102.749,0.1,2023-02-01 01:35:37,0.0,0.0
125.763,0.1,2023-02-01 01:35:38,0.0,0.0
151.449,0.1,2023-02-01 01:35:39,0.0,0.0
153.748,0.1,2023-02-01 01:35:40,0.0,0.0
151.082,0.1,2023-02-01 01:35:41,0.0,0.0
126.603,0.1,2023-02-01 01:35:42,0.0,0.0
116.881,0.1,2023-02-01 01:35:43,0.0,0.0
105.51,0.1,2023-02-01 01:35:44,0.0,0.0
116.47,0.1,2023-02-01 01:35:45,0.0,0.0
83.931,0.1,2023-02-01 01:35:46,0.0,0.0
127.582,0.1,2023-02-01 01:35:47,0.0,0.0
86.94,0.1,2023-02-01 01:35:48,0.0,0.0
82.058,0.1,2023-02-01 01:35:49,0.0,0.0
89.303,0.1,2023-02-01 01:35:50,0.0,0.0
106.376,0.1,2023-02-01 01:35:51,0.0,0.0
105.754,0.1,2023-02-01 01:35:52,0.0,0.0
97.451,0.1,2023-02-01 01:35:53,0.0,0.0
88.404,0.1,2023-02-01 01:35:54,0.0,0.0
99.186,0.1,2023-02-01 01:35:55,0.0,0.0
84.846,0.1,2023-02-01 01:35:56,0.0,0.0
83.651,0.1,2023-02-01 01:35:57,0.0,0.0
105.787,0.1,2023-02-01 01:35:58,0.0,0.0
131.191,0.1,2023-02-01 01:35:59,0.0,0.0
120.722,0.1,2023-02-01 01:36:00,0.0,0.0
134.757,0.1,2023-02-01 01:36:01,0.0,0.0
117.618,0.1,2023-02-01 01:36:02,0.0,0.0
98.341,0.1,2023-02-01 01:36:03,0.0,0.0
115.302,0.1,2023-02-01 01:36:04,0.0,0.0
100.015,0.1,2023-02-01 01:36:05,0.0,0.0
76.97,0.1,2023-02-01 01:36:06,0.0,0.0
49.791,0.1,2023-02-01 01:36:07,0.0,0.0
75.756,0.1,2023-02-01 01:36:08,0.0,0.0
90.977,0.1,2023-02-01 01:36:09,0.0,0.0
70.006,0.1,2023-02-01 01:36:10,0.0,0.0
88.746,0.1,2023-02-01 01:36:11,0.0,0.0
77.014,0.1,2023-02-01 01:36:12,0.0,0.0
82.735,0.1,2023-02-01 01:36:13,0.0,0.0
102.934,0.1,2023-02-01 01:36:14,0.0,0.0
124.756,0.1,2023-02-01 01:36:15,0.0,0.0
105.172,0.1,2023-02-01 01:36:16,0.0,0.0
89.347,0.1,2023-02-01 01:36:17,0.0,0.0
83.631,0.1,2023-02-01 01:36:18,0.0,0.0
58.038,0.1,2023-02-01 01:36:19,0.0,0.0
94.677,0.1,2023-02-01 01:36:20,0.0,0.0
82.461,0.1,2023-02-01 01:36:21,0.0,0.0
93.888,0.1,2023-02-01 01:36:22,0.0,0.0
117.788,0.1,2023-02-01 01:36:23,0.0,0.0
121.706,0.1,2023-02-01 01:36:24,0.0,0.0
107.382,0.1,2023-02-01 01:36:25,0.0,0.0
135.771,0.1,2023-02-01 01:36:26,0.0,0.0
102.577,0.1,2023-02-01 01:36:27,0.0,0.0
93.823,0.1,2023-02-01 01:36:28,0.0,0.0
51.002,0.1,2023-02-01 01:36:29,0.0,0.0
48.694,0.1,2023-02-01 01:36:30,0.0,0.0
76.053,0.1,2023-02-01 01:36:31,0.0,0.0
61.048,0.1,2023-02-01 01:36:32,0.0,0.0
108.232,0.1,2023-02-01 01:36:33,0.0,0.0
100.794,0.1,2023-02-01 01:36:34,0.0,0.0
97.583,0.1,2023-02-01 01:36:35,0.0,0.0
107.063,0.1,2023-02-01 01:36:36,0.0,0.0
113.058,0.1,2023-02-01 01:36:37,0.0,0.0
108.057,0.1,2023-02-01 01:36:38,0.0,0.0
97.919,0.1,2023-02-01 01:36:39,0.0,0.0
89.93,0.1,2023-02-01 01:36:40,0.0,0.0
72.025,0.1,2023-02-01 01:36:41,0.0,0.0
55.495,0.1,2023-02-01 01:36:42,0.0,0.0
73.964,0.1,2023-02-01 01:36:43,0.0,0.0
90.576,0.1,2023-02-01 01:36:44,0.0,0.0
69.862,0.1,2023-02-01 01:36:45,0.0,0.0
85.113,0.1,2023-02-01 01:36:46,0.0,0.0
100.281,0.1,2023-02-01 01:36:47,0.0,0.0
102.352,0.1,2023-02-01 01:36:48,0.0,0.0
129.188,0.1,2023-02-01 01:36:49,0.0,0.0
106.209,0.1,2023-02-01 01:36:50,0.0,0.0
95.684,0.1,2023-02-01 01:36:51,0.0,0.0
80.432,0.1,2023-02-01 01:36:52,0.0,0.0
68.858,0.1,2023-02-01 01:36:53,0.0,0.0
82.697,0.1,2023-02-01 01:36:54,0.0,0.0
82.002,0.1,2023-02-01 01:36:55,0.0,0.0
74.449,0.1,2023-02-01 01:36:56,0.0,0.0
77.678,0.1,2023-02-01 01:36:57,0.0,0.0
71.826,0.1,2023-02-01 01:36:58,0.0,0.0
86.507,0.1,2023-02-01 01:36:59,0.0,0.0
91.146,0.1,2023-02-01 01:37:00,0.0,0.0
86.467,0.1,2023-02-01 01:37:01,0.0,0.0
102.431,0.1,2023-02-01 01:37:02,0.0,0.0
107.86,0.1,2023-02-01 01:37:03,0.0,0.0
113.029,0.1,2023-02-01 01:37:04,0.0,0.0
81.789,0.1,2023-02-01 01:37:05,0.0,0.0
65.323,0.1,2023-02-01 01:37:06,0.0,0.0
78.211,0.1,2023-02-01 01:37:07,0.0,0.0
71.909,0.1,2023-02-01 01:37:08,0.0,0.0
53.115,0.1,2023-02-01 01:37:09,0.0,0.0
85.581,0.1,2023-02-01 01:37:10,0.0,0.0
65.453,0.1,2023-02-01 01:37:11,0.0,0.0
78.626,0.1,2023-02-01 01:37:12,0.0,0.0
97.124,0.1,2023-02-01 01:37:13,0.0,0.0
148.161,0.1,2023-02-01 01:37:14,0.0,0.0
113.631,0.1,2023-02-01 01:37:15,0.0,0.0
130.119,0.1,2023-02-01 01:37:16,0.0,0.0
114.621,0.1,2023-02-01 01:37:17,0.0,0.0
101.229,0.1,2023-02-01 01:37:18,0.0,0.0
71.263,0.1,2023-02-01 01:37:19,0.0,0.0
79.78,0.1,2023-02-01 01:37:20,0.0,0.0
70.701,0.1,2023-02-01 01:37:21,0.0,0.0
71.597,0.1,2023-02-01 01:37:22,0.0,0.0
84.49,0.1,2023-02-01 01:37:23,0.0,0.0
92.769,0.1,2023-02-01 01:37:24,0.0,0.0
101.67,0.1,2023-02-01 01:37:25,0.0,0.0
98.04,0.1,2023-02-01 01:37:26,0.0,0.0
105.548,0.1,2023-02-01 01:37:27,0.0,0.0
113.183,0.1,2023-02-01 01:37:28,0.0,0.0
101.408,0.1,2023-02-01 01:37:29,0.0,0.0
102.989,0.1,2023-02-01 01:37:30,0.0,0.0
91.264,0.1,2023-02-01 01:37:31,0.0,0.0
113.94,0.1,2023-02-01 01:37:32,0.0,0.0
97.088,0.1,2023-02-01 01:37:33,0.0,0.0
79.917,0.1,2023-02-01 01:37:34,0.0,0.0
94.631,0.1,2023-02-01 01:37:35,0.0,0.0
103.561,0.1,2023-02-01 01:37:36,0.0,0.0
106.782,0.1,2023-02-01 01:37:37,0.0,0.0
93.723,0.1,2023-02-01 01:37:38,0.0,0.0
87.016,0.1,2023-02-01 01:37:39,0.0,0.0
68.612,0.1,2023-02-01 01:37:40,0.0,0.0
77.237,0.1,2023-02-01 01:37:41,0.0,0.0
71.853,0.1,2023-02-01 01:37:42,0.0,0.0
68.873,0.1,2023-02-01 01:37:43,0.0,0.0
64.169,0.1,2023-02-01 01:37:44,0.0,0.0
58.057,0.1,2023-02-01 01:37:45,0.0,0.0
77.656,0.1,2023-02-01 01:37:46,0.0,0.0
88.323,0.1,2023-02-01 01:37:47,0.0,0.0
81.061,0.1,2023-02-01 01:37:48,0.0,0.0
118.324,0.1,2023-02-01 01:37:49,0.0,0.0
132.205,0.1,2023-02-01 01:37:50,0.0,0.0
148.974,0.1,2023-02-01 01:37:51,0.0,0.0
160.255,0.1,2023-02-01 01:37:52,0.0,0.0
153.57,0.1,2023-02-01 01:37:53,0.0,0.0
141.634,0.1,2023-02-01 01:37:54,0.0,0.0
71.661,0.1,2023-02-01 01:37:55,0.0,0.0
78.479,0.1,2023-02-01 01:37:56,0.0,0.0
74.924,0.1,2023-02-01 01:37:57,0.0,0.0
55.235,0.1,2023-02-01 01:37:58,0.0,0.0
53.834,0.1,2023-02-01 01:37:59,0.0,0.0
48.659,0.1,2023-02-01 01:38:00,0.0,0.0
83.968,0.1,2023-02-01 01:38:01,0.0,0.0
84.662,0.1,2023-02-01 01:38:02,0.0,0.0
85.188,0.1,2023-02-01 01:38:03,0.0,0.0
118.918,0.1,2023-02-01 01:38:04,0.0,0.0
143.995,0.1,2023-02-01 01:38:05,0.0,0.0
125.971,0.1,2023-02-01 01:38:06,0.0,0.0
139.458,0.1,2023-02-01 01:38:07,0.0,0.0
146.232,0.1,2023-02-01 01:38:08,0.0,0.0
127.623,0.1,2023-02-01 01:38:09,0.0,0.0
89.399,0.1,2023-02-01 01:38:10,0.0,0.0
66.843,0.1,2023-02-01 01:38:11,0.0,0.0
63.061,0.1,2023-02-01 01:38:12,0.0,0.0
64.757,0.1,2023-02-01 01:38:13,0.0,0.0
82.533,0.1,2023-02-01 01:38:14,0.0,0.0
91.731,0.1,2023-02-01 01:38:15,0.0,0.0
89.391,0.1,2023-02-01 01:38:16,0.0,0.0
99.973,0.1,2023-02-01 01:38:17,0.0,0.0
84.21,0.1,2023-02-01 01:38:18,0.0,0.0
93.91,0.1,2023-02-01 01:38:19,0.0,0.0
94.71,0.1,2023-02-01 01:38:20,0.0,0.0
139.934,0.1,2023-02-01 01:38:21,0.0,0.0
107.641,0.1,2023-02-01 01:38:22,0.0,0.0
113.215,0.1,2023-02-01 01:38:23,0.0,0.0
110.976,0.1,2023-02-01 01:38:24,0.0,0.0
107.999,0.1,2023-02-01 01:38:25,0.0,0.0
109.249,0.1,2023-02-01 01:38:26,0.0,0.0
109.346,0.1,2023-02-01 01:38:27,0.0,0.0
91.419,0.1,2023-02-01 01:38:28,0.0,0.0
78.758,0.1,2023-02-01 01:38:29,0.0,0.0
58.696,0.1,2023-02-01 01:38:30,0.0,0.0
47.901,0.1,2023-02-01 01:38:31,0.0,0.0
41.606,0.1,2023-02-01 01:38:32,0.0,0.0
58.502,0.1,2023-02-01 01:38:33,0.0,0.0
62.203,0.1,2023-02-01 01:38:34,0.0,0.0
93.406,0.1,2023-02-01 01:38:35,0.0,0.0
85.93,0.1,2023-02-01 01:38:36,0.0,0.0
124.943,0.1,2023-02-01 01:38:37,0.0,0.0
138.177,0.1,2023-02-01 01:38:38,0.0,0.0
166.127,0.1,2023-02-01 01:38:39,0.0,0.0
98.579,0.1,2023-02-01 01:38:40,0.0,0.0
110.445,0.1,2023-02-01 01:38:41,0.0,0.0
153.399,0.1,2023-02-01 01:38:42,0.0,0.0
118.31,0.1,2023-02-01 01:38:43,0.0,0.0
88.314,0.1,2023-02-01 01:38:44,0.0,0.0
72.622,0.1,2023-02-01 01:38:45,0.0,0.0
76.294,0.1,2023-02-01 01:38:46,0.0,0.0
85.098,0.1,2023-02-01 01:38:47,0.0,0.0
55.659,0.1,2023-02-01 01:38:48,0.0,0.0
55.009,0.1,2023-02-01 01:38:49,0.0,0.0
72.484,0.1,2023-02-01 01:38:50,0.0,0.0
54.672,0.1,2023-02-01 01:38:51,0.0,0.0
92.126,0.1,2023-02-01 01:38:52,0.0,0.0
110.779,0.1,2023-02-01 01:38:53,0.0,0.0
151.64,0.1,2023-02-01 01:38:54,0.0,0.0
176.074,0.1,2023-02-01 01:38:55,0.0,0.0
146.716,0.1,2023-02-01 01:38:56,0.0,0.0
155.812,0.1,2023-02-01 01:38:57,0.0,0.0
148.027,0.1,2023-02-01 01:38:58,0.0,0.0
103.79,0.1,2023-02-01 01:38:59,0.0,0.0
87.663,0.1,2023-02-01 01:39:00,0.0,0.0
65.222,0.1,2023-02-01 01:39:01,0.0,0.0
66.257,0.1,2023-02-01 01:39:02,0.0,0.0
61.462,0.1,2023-02-01 01:39:03,0.0,0.0
83.391,0.1,2023-02-01 01:39:04,0.0,0.0
89.976,0.1,2023-02-01 01:39:05,0.0,0.0
99.408,0.1,2023-02-01 01:39:06,0.0,0.0
124.672,0.1,2023-02-01 01:39:07,0.0,0.0
81.252,0.1,2023-02-01 01:39:08,0.0,0.0
109.389,0.1,2023-02-01 01:39:09,0.0,0.0
105.856,0.1,2023-02-01 01:39:10,0.0,0.0
123.028,0.1,2023-02-01 01:39:11,0.0,0.0
139.643,0.1,2023-02-01 01:39:12,0.0,0.0
155.875,0.1,2023-02-01 01:39:13,0.0,0.0
168.831,0.1,2023-02-01 01:39:14,0.0,0.0
145.898,0.1,2023-02-01 01:39:15,0.0,0.0
146.698,0.1,2023-02-01 01:39:16,0.0,0.0
115.346,0.1,2023-02-01 01:39:17,0.0,0.0
84.572,0.1,2023-02-01 01:39:18,0.0,0.0
59.993,0.1,2023-02-01 01:39:19,0.0,0.0
46.211,0.1,2023-02-01 01:39:20,0.0,0.0
56.806,0.1,2023-02-01 01:39:21,0.0,0.0
61.267,0.1,2023-02-01 01:39:22,0.0,0.0
87.753,0.1,2023-02-01 01:39:23,0.0,0.0
128.258,0.1,2023-02-01 01:39:24,0.0,0.0
129.223,0.1,2023-02-01 01:39:25,0.0,0.0
137.566,0.1,2023-02-01 01:39:26,0.0,0.0
155.685,0.1,2023-02-01 01:39:27,0.0,0.0
134.232,0.1,2023-02-01 01:39:28,0.0,0.0
103.215,0.1,2023-02-01 01:39:29,0.0,0.0
104.327,0.1,2023-02-01 01:39:30,0.0,0.0
79.336,0.1,2023-02-01 01:39:31,0.0,0.0
85.591,0.1,2023-02-01 01:39:32,0.0,0.0
70.616,0.1,2023-02-01 01:39:33,0.0,0.0
84.754,0.1,2023-02-01 01:39:34,0.0,0.0
92.734,0.1,2023-02-01 01:39:35,0.0,0.0
66.732,0.1,2023-02-01 01:39:36,0.0,0.0
79.129,0.1,2023-02-01 01:39:37,0.0,0.0
80.9,0.1,2023-02-01 01:39:38,0.0,0.0
72.788,0.1,2023-02-01 01:39:39,0.0,0.0
80.314,0.1,2023-02-01 01:39:40,0.0,0.0
96.441,0.1,2023-02-01 01:39:41,0.0,0.0
101.561,0.1,2023-02-01 01:39:42,0.0,0.0
142.014,0.1,2023-02-01 01:39:43,0.0,0.0
123.65,0.1,2023-02-01 01:39:44,0.0,0.0
141.265,0.1,2023-02-01 01:39:45,0.0,0.0
134.865,0.1,2023-02-01 01:39:46,0.0,0.0
111.898,0.1,2023-02-01 01:39:47,0.0,0.0
107.352,0.1,2023-02-01 01:39:48,0.0,0.0
105.599,0.1,2023-02-01 01:39:49,0.0,0.0
67.006,0.1,2023-02-01 01:39:50,0.0,0.0
71.475,0.1,2023-02-01 01:39:51,0.0,0.0
69.112,0.1,2023-02-01 01:39:52,0.0,0.0
74.654,0.1,2023-02-01 01:39:53,0.0,0.0
51.277,0.1,2023-02-01 01:39:54,0.0,0.0
61.933,0.1,2023-02-01 01:39:55,0.0,0.0
58.696,0.1,2023-02-01 01:39:56,0.0,0.0
98.178,0.1,2023-02-01 01:39:57,0.0,0.0
91.927,0.1,2023-02-01 01:39:58,0.0,0.0
92.372,0.1,2023-02-01 01:39:59,0.0,0.0
93.118,0.1,2023-02-01 01:40:00,0.0,0.0
102.657,0.1,2023-02-01 01:40:01,0.0,0.0
95.461,0.1,2023-02-01 01:40:02,0.0,0.0
103.501,0.1,2023-02-01 01:40:03,0.0,0.0
65.217,0.1,2023-02-01 01:40:04,0.0,0.0
83.567,0.1,2023-02-01 01:40:05,0.0,0.0
86.308,0.1,2023-02-01 01:40:06,0.0,0.0
95.285,0.1,2023-02-01 01:40:07,0.0,0.0
105.684,0.1,2023-02-01 01:40:08,0.0,0.0
84.937,0.1,2023-02-01 01:40:09,0.0,0.0
97.902,0.1,2023-02-01 01:40:10,0.0,0.0
106.711,0.1,2023-02-01 01:40:11,0.0,0.0
118.658,0.1,2023-02-01 01:40:12,0.0,0.0
110.999,0.1,2023-02-01 01:40:13,0.0,0.0
106.597,0.1,2023-02-01 01:40:14,0.0,0.0
120.825,0.1,2023-02-01 01:40:15,0.0,0.0
119.734,0.1,2023-02-01 01:40:16,0.0,0.0
77.354,0.1,2023-02-01 01:40:17,0.0,0.0
71.021,0.1,2023-02-01 01:40:18,0.0,0.0
84.459,0.1,2023-02-01 01:40:19,0.0,0.0
65.313,0.1,2023-02-01 01:40:20,0.0,0.0
65.627,0.1,2023-02-01 01:40:21,0.0,0.0
77.666,0.1,2023-02-01 01:40:22,0.0,0.0
98.773,0.1,2023-02-01 01:40:23,0.0,0.0
129.766,0.1,2023-02-01 01:40:24,0.0,0.0
114.448,0.1,2023-02-01 01:40:25,0.0,0.0
139.982,0.1,2023-02-01 01:40:26,0.0,0.0
155.233,0.1,2023-02-01 01:40:27,0.0,0.0
119.836,0.1,2023-02-01 01:40:28,0.0,0.0
79.2,0.1,2023-02-01 01:40:29,0.0,0.0
55.271,0.1,2023-02-01 01:40:30,0.0,0.0
74.336,0.1,2023-02-01 01:40:31,0.0,0.0
60.603,0.1,2023-02-01 01:40:32,0.0,0.0
76.536,0.1,2023-02-01 01:40:33,0.0,0.0
98.185,0.1,2023-02-01 01:40:34,0.0,0.0
124.191,0.1,2023-02-01 01:40:35,0.0,0.0
103.621,0.1,2023-02-01 01:40:36,0.0,0.0
130.279,0.1,2023-02-01 01:40:37,0.0,0.0
155.05,0.1,2023-02-01 01:40:38,0.0,0.0
121.406,0.1,2023-02-01 01:40:39,0.0,0.0
135.343,0.1,2023-02-01 01:40:40,0.0,0.0
122.995,0.1,2023-02-01 01:40:41,0.0,0.0
99.491,0.1,2023-02-01 01:40:42,0.0,0.0
49.923,0.1,2023-02-01 01:40:43,0.0,0.0
75.56,0.1,2023-02-01 01:40:44,0.0,0.0
72.275,0.1,2023-02-01 01:40:45,0.0,0.0
72.183,0.1,2023-02-01 01:40:46,0.0,0.0
76.747,0.1,2023-02-01 01:40:47,0.0,0.0
88.99,0.1,2023-02-01 01:40:48,0.0,0.0
90.998,0.1,2023-02-01 01:40:49,0.0,0.0
110.748,0.1,2023-02-01 01:40:50,0.0,0.0
112.27,0.1,2023-02-01 01:40:51,0.0,0.0
127.048,0.1,2023-02-01 01:40:52,0.0,0.0
141.577,0.1,2023-02-01 01:40:53,0.0,0.0
123.386,0.1,2023-02-01 01:40:54,0.0,0.0
101.575,0.1,2023-02-01 01:40:55,0.0,0.0
116.252,0.1,2023-02-01 01:40:56,0.0,0.0
106.558,0.1,2023-02-01 01:40:57,0.0,0.0
116.501,0.1,2023-02-01 01:40:58,0.0,0.0
97.066,0.1,2023-02-01 01:40:59,0.0,0.0
100.744,0.1,2023-02-01 01:41:00,0.0,0.0
88.224,0.1,2023-02-01 01:41:01,0.0,0.0
72.217,0.1,2023-02-01 01:41:02,0.0,0.0
72.96,0.1,2023-02-01 01:41:03,0.0,0.0
101.846,0.1,2023-02-01 01:41:04,0.0,0.0
89.747,0.1,2023-02-01 01:41:05,0.0,0.0
128.998,0.1,2023-02-01 01:41:06,0.0,0.0
115.384,0.1,2023-02-01 01:41:07,0.0,0.0
109.278,0.1,2023-02-01 01:41:08,0.0,0.0
126.684,0.1,2023-02-01 01:41:09,0.0,0.0
99.765,0.1,2023-02-01 01:41:10,0.0,0.0
112.735,0.1,2023-02-01 01:41:11,0.0,0.0
70.22,0.1,2023-02-01 01:41:12,0.0,0.0
70.951,0.1,2023-02-01 01:41:13,0.0,0.0
67.742,0.1,2023-02-01 01:41:14,0.0,0.0
90.118,0.1,2023-02-01 01:41:15,0.0,0.0
78.396,0.1,2023-02-01 01:41:16,0.0,0.0
91.945,0.1,2023-02-01 01:41:17,0.0,0.0
103.634,0.1,2023-02-01 01:41:18,0.0,0.0
85.916,0.1,2023-02-01 01:41:19,0.0,0.0
126.774,0.1,2023-02-01 01:41:20,0.0,0.0
128.369,0.1,2023-02-01 01:41:21,0.0,0.0
123.84,0.1,2023-02-01 01:41:22,0.0,0.0
110.388,0.1,2023-02-01 01:41:23,0.0,0.0
181.479,0.1,2023-02-01 01:41:24,0.0,0.0
102.727,0.1,2023-02-01 01:41:25,0.0,0.0
94.975,0.1,2023-02-01 01:41:26,0.0,0.0
69.129,0.1,2023-02-01 01:41:27,0.0,0.0
64.346,0.1,2023-02-01 01:41:28,0.0,0.0
62.535,0.1,2023-02-01 01:41:29,0.0,0.0
82.646,0.1,2023-02-01 01:41:30,0.0,0.0
87.624,0.1,2023-02-01 01:41:31,0.0,0.0
80.239,0.1,2023-02-01 01:41:32,0.0,0.0
128.278,0.1,2023-02-01 01:41:33,0.0,0.0
137.839,0.1,2023-02-01 01:41:34,0.0,0.0
136.571,0.1,2023-02-01 01:41:35,0.0,0.0
158.472,0.1,2023-02-01 01:41:36,0.0,0.0
157.444,0.1,2023-02-01 01:41:37,0.0,0.0
100.77,0.1,2023-02-01 01:41:38,0.0,0.0
101.029,0.1,2023-02-01 01:41:39,0.0,0.0
107.273,0.1,2023-02-01 01:41:40,0.0,0.0
117.529,0.1,2023-02-01 01:41:41,0.0,0.0
81.882,0.1,2023-02-01 01:41:42,0.0,0.0
94.701,0.1,2023-02-01 01:41:43,0.0,0.0
105.355,0.1,2023-02-01 01:41:44,0.0,0.0
92.01,0.1,2023-02-01 01:41:45,0.0,0.0
129.521,0.1,2023-02-01 01:41:46,0.0,0.0
112.022,0.1,2023-02-01 01:41:47,0.0,0.0
96.826,0.1,2023-02-01 01:41:48,0.0,0.0
109.399,0.1,2023-02-01 01:41:49,0.0,0.0
147.109,0.1,2023-02-01 01:41:50,0.0,0.0
115.225,0.1,2023-02-01 01:41:51,0.0,0.0
121.315,0.1,2023-02-01 01:41:52,0.0,0.0
127.014,0.1,2023-02-01 01:41:53,0.0,0.0
106.203,0.1,2023-02-01 01:41:54,0.0,0.0
82.392,0.1,2023-02-01 01:41:55,0.0,0.0
97.325,0.1,2023-02-01 01:41:56,0.0,0.0
89.322,0.1,2023-02-01 01:41:57,0.0,0.0
111.222,0.1,2023-02-01 01:41:58,0.0,0.0
134.81,0.1,2023-02-01 01:41:59,0.0,0.0
138.85,0.1,2023-02-01 01:42:00,0.0,0.0
159.41,0.1,2023-02-01 01:42:01,0.0,0.0
174.19,0.1,2023-02-01 01:42:02,0.0,0.0
179.478,0.1,2023-02-01 01:42:03,0.0,0.0
140.112,0.1,2023-02-01 01:42:04,0.0,0.0
126.014,0.1,2023-02-01 01:42:05,0.0,0.0
91.336,0.1,2023-02-01 01:42:06,0.0,0.0
76.199,0.1,2023-02-01 01:42:07,0.0,0.0
74.003,0.1,2023-02-01 01:42:08,0.0,0.0
109.504,0.1,2023-02-01 01:42:09,0.0,0.0
113.603,0.1,2023-02-01 01:42:10,0.0,0.0
104.948,0.1,2023-02-01 01:42:11,0.0,0.0
133.19,0.1,2023-02-01 01:42:12,0.0,0.0
142.279,0.1,2023-02-01 01:42:13,0.0,0.0
178.057,0.1,2023-02-01 01:42:14,0.0,0.0
133.028,0.1,2023-02-01 01:42:15,0.0,0.0
119.413,0.1,2023-02-01 01:42:16,0.0,0.0
110.561,0.1,2023-02-01 01:42:17,0.0,0.0
125.772,0.1,2023-02-01 01:42:18,0.0,0.0
99.3,0.1,2023-02-01 01:42:19,0.0,0.0
100.251,0.1,2023-02-01 01:42:20,0.0,0.0
105.87,0.1,2023-02-01 01:42:21,0.0,0.0
107.506,0.1,2023-02-01 01:42:22,0.0,0.0
118.414,0.1,2023-02-01 01:42:23,0.0,0.0
99.109,0.1,2023-02-01 01:42:24,0.0,0.0
146.496,0.1,2023-02-01 01:42:25,0.0,0.0
126.619,0.1,2023-02-01 01:42:26,0.0,0.0
141.628,0.1,2023-02-01 01:42:27,0.0,0.0
124.228,0.1,2023-02-01 01:42:28,0.0,0.0
96.955,0.1,2023-02-01 01:42:29,0.0,0.0
125.09,0.1,2023-02-01 01:42:30,0.0,0.0
128.299,0.1,2023-02-01 01:42:31,0.0,0.0
115.281,0.1,2023-02-01 01:42:32,0.0,0.0
120.67,0.1,2023-02-01 01:42:33,0.0,0.0
155.954,0.1,2023-02-01 01:42:34,0.0,0.0
154.638,0.1,2023-02-01 01:42:35,0.0,0.0
154.519,0.1,2023-02-01 01:42:36,0.0,0.0
164.194,0.1,2023-02-01 01:42:37,0.0,0.0
140.483,0.1,2023-02-01 01:42:38,0.0,0.0
116.423,0.1,2023-02-01 01:42:39,0.0,0.0
84.428,0.1,2023-02-01 01:42:40,0.0,0.0
89.577,0.1,2023-02-01 01:42:41,0.0,0.0
88.972,0.1,2023-02-01 01:42:42,0.0,0.0
82.864,0.1,2023-02-01 01:42:43,0.0,0.0
105.815,0.1,2023-02-01 01:42:44,0.0,0.0
111.307,0.1,2023-02-01 01:42:45,0.0,0.0
144.462,0.1,2023-02-01 01:42:46,0.0,0.0
179.762,0.1,2023-02-01 01:42:47,0.0,0.0
151.823,0.1,2023-02-01 01:42:48,0.0,0.0
148.313,0.1,2023-02-01 01:42:49,0.0,0.0
163.153,0.1,2023-02-01 01:42:50,0.0,0.0
139.003,0.1,2023-02-01 01:42:51,0.0,0.0
113.277,0.1,2023-02-01 01:42:52,0.0,0.0
105.384,0.1,2023-02-01 01:42:53,0.0,0.0
95.79,0.1,2023-02-01 01:42:54,0.0,0.0
102.406,0.1,2023-02-01 01:42:55,0.0,0.0
127.034,0.1,2023-02-01 01:42:56,0.0,0.0
85.375,0.1,2023-02-01 01:42:57,0.0,0.0
82.375,0.1,2023-02-01 01:42:58,0.0,0.0
94.79,0.1,2023-02-01 01:42:59,0.0,0.0
61.225,0.1,2023-02-01 01:43:00,0.0,0.0
103.639,0.1,2023-02-01 01:43:01,0.0,0.0
115.677,0.1,2023-02-01 01:43:02,0.0,0.0
133.332,0.1,2023-02-01 01:43:03,0.0,0.0
157.087,0.1,2023-02-01 01:43:04,0.0,0.0
190.53,0.1,2023-02-01 01:43:05,0.0,0.0
181.396,0.1,2023-02-01 01:43:06,0.0,0.0
126.607,0.1,2023-02-01 01:43:07,0.0,0.0
115.251,0.1,2023-02-01 01:43:08,0.0,0.0
102.696,0.1,2023-02-01 01:43:09,0.0,0.0
83.472,0.1,2023-02-01 01:43:10,0.0,0.0
85.302,0.1,2023-02-01 01:43:11,0.0,0.0
88.749,0.1,2023-02-01 01:43:12,0.0,0.0
111.055,0.1,2023-02-01 01:43:13,0.0,0.0
108.784,0.1,2023-02-01 01:43:14,0.0,0.0
109.727,0.1,2023-02-01 01:43:15,0.0,0.0
124.326,0.1,2023-02-01 01:43:16,0.0,0.0
131.651,0.1,2023-02-01 01:43:17,0.0,0.0
119.6,0.1,2023-02-01 01:43:18,0.0,0.0
100.708,0.1,2023-02-01 01:43:19,0.0,0.0
117.079,0.1,2023-02-01 01:43:20,0.0,0.0
133.924,0.1,2023-02-01 01:43:21,0.0,0.0
140.888,0.1,2023-02-01 01:43:22,0.0,0.0
116.249,0.1,2023-02-01 01:43:23,0.0,0.0
121.358,0.1,2023-02-01 01:43:24,0.0,0.0
117.617,0.1,2023-02-01 01:43:25,0.0,0.0
108.411,0.1,2023-02-01 01:43:26,0.0,0.0
112.198,0.1,2023-02-01 01:43:27,0.0,0.0
65.51,0.1,2023-02-01 01:43:28,0.0,0.0
77.112,0.1,2023-02-01 01:43:29,0.0,0.0
70.665,0.1,2023-02-01 01:43:30,0.0,0.0
78.956,0.1,2023-02-01 01:43:31,0.0,0.0
101.086,0.1,2023-02-01 01:43:32,0.0,0.0
136.678,0.1,2023-02-01 01:43:33,0.0,0.0
128.734,0.1,2023-02-01 01:43:34,0.0,0.0
135.924,0.1,2023-02-01 01:43:35,0.0,0.0
165.242,0.1,2023-02-01 01:43:36,0.0,0.0
154.785,0.1,2023-02-01 01:43:37,0.0,0.0
127.061,0.1,2023-02-01 01:43:38,0.0,0.0
139.551,0.1,2023-02-01 01:43:39,0.0,0.0
121.52,0.1,2023-02-01 01:43:40,0.0,0.0
106.205,0.1,2023-02-01 01:43:41,0.0,0.0
106.463,0.1,2023-02-01 01:43:42,0.0,0.0
110.404,0.1,2023-02-01 01:43:43,0.0,0.0
114.399,0.1,2023-02-01 01:43:44,0.0,0.0
112.942,0.1,2023-02-01 01:43:45,0.0,0.0
95.885,0.1,2023-02-01 01:43:46,0.0,0.0
105.402,0.1,2023-02-01 01:43:47,0.0,0.0
79.636,0.1,2023-02-01 01:43:48,0.0,0.0
96.068,0.1,2023-02-01 01:43:49,0.0,0.0
135.334,0.1,2023-02-01 01:43:50,0.0,0.0
142.271,0.1,2023-02-01 01:43:51,0.0,0.0
110.575,0.1,2023-02-01 01:43:52,0.0,0.0
136.641,0.1,2023-02-01 01:43:53,0.0,0.0
155.943,0.1,2023-02-01 01:43:54,0.0,0.0
148.627,0.1,2023-02-01 01:43:55,0.0,0.0
132.465,0.1,2023-02-01 01:43:56,0.0,0.0
114.71,0.1,2023-02-01 01:43:57,0.0,0.0
120.591,0.1,2023-02-01 01:43:58,0.0,0.0
91.597,0.1,2023-02-01 01:43:59,0.0,0.0
75.509,0.1,2023-02-01 01:44:00,0.0,0.0
89.085,0.1,2023-02-01 01:44:01,0.0,0.0
91.983,0.1,2023-02-01 01:44:02,0.0,0.0
70.254,0.1,2023-02-01 01:44:03,0.0,0.0
109.693,0.1,2023-02-01 01:44:04,0.0,0.0
116.477,0.1,2023-02-01 01:44:05,0.0,0.0
95.547,0.1,2023-02-01 01:44:06,0.0,0.0
126.665,0.1,2023-02-01 01:44:07,0.0,0.0
109.147,0.1,2023-02-01 01:44:08,0.0,0.0
128.044,0.1,2023-02-01 01:44:09,0.0,0.0
123.482,0.1,2023-02-01 01:44:10,0.0,0.0
114.536,0.1,2023-02-01 01:44:11,0.0,0.0
105.339,0.1,2023-02-01 01:44:12,0.0,0.0
73.046,0.1,2023-02-01 01:44:13,0.0,0.0
81.172,0.1,2023-02-01 01:44:14,0.0,0.0
82.991,0.1,2023-02-01 01:44:15,0.0,0.0
85.559,0.1,2023-02-01 01:44:16,0.0,0.0
120.174,0.1,2023-02-01 01:44:17,0.0,0.0
97.76,0.1,2023-02-01 01:44:18,0.0,0.0
82.484,0.1,2023-02-01 01:44:19,0.0,0.0
105.825,0.1,2023-02-01 01:44:20,0.0,0.0
111.422,0.1,2023-02-01 01:44:21,0.0,0.0
104.553,0.1,2023-02-01 01:44:22,0.0,0.0
106.793,0.1,2023-02-01 01:44:23,0.0,0.0
83.942,0.1,2023-02-01 01:44:24,0.0,0.0
116.332,0.1,2023-02-01 01:44:25,0.0,0.0
108.496,0.1,2023-02-01 01:44:26,0.0,0.0
96.737,0.1,2023-02-01 01:44:27,0.0,0.0
95.027,0.1,2023-02-01 01:44:28,0.0,0.0
113.612,0.1,2023-02-01 01:44:29,0.0,0.0
148.473,0.1,2023-02-01 01:44:30,0.0,0.0
116.494,0.1,2023-02-01 01:44:31,0.0,0.0
115.531,0.1,2023-02-01 01:44:32,0.0,0.0
116.416,0.1,2023-02-01 01:44:33,0.0,0.0
91.714,0.1,2023-02-01 01:44:34,0.0,0.0
84.285,0.1,2023-02-01 01:44:35,0.0,0.0
80.004,0.1,2023-02-01 01:44:36,0.0,0.0
115.101,0.1,2023-02-01 01:44:37,0.0,0.0
106.885,0.1,2023-02-01 01:44:38,0.0,0.0
102.022,0.1,2023-02-01 01:44:39,0.0,0.0
110.49,0.1,2023-02-01 01:44:40,0.0,0.0
126.805,0.1,2023-02-01 01:44:41,0.0,0.0
168.268,0.1,2023-02-01 01:44:42,0.0,0.0
174.879,0.1,2023-02-01 01:44:43,0.0,0.0
166.921,0.1,2023-02-01 01:44:44,0.0,0.0
166.263,0.1,2023-02-01 01:44:45,0.0,0.0
141.917,0.1,2023-02-01 01:44:46,0.0,0.0
136.107,0.1,2023-02-01 01:44:47,0.0,0.0
96.255,0.1,2023-02-01 01:44:48,0.0,0.0
75.186,0.1,2023-02-01 01:44:49,0.0,0.0
83.621,0.1,2023-02-01 01:44:50,0.0,0.0
103.364,0.1,2023-02-01 01:44:51,0.0,0.0
87.065,0.1,2023-02-01 01:44:52,0.0,0.0
107.56,0.1,2023-02-01 01:44:53,0.0,0.0
120.325,0.1,2023-02-01 01:44:54,0.0,0.0
142.961,0.1,2023-02-01 01:44:55,0.0,0.0
162.432,0.1,2023-02-01 01:44:56,0.0,0.0
187.987,0.1,2023-02-01 01:44:57,0.0,0.0
165.263,0.1,2023-02-01 01:44:58,0.0,0.0
150.837,0.1,2023-02-01 01:44:59,0.0,0.0
120.203,0.1,2023-02-01 01:45:00,0.0,0.0
105.995,0.1,2023-02-01 01:45:01,0.0,0.0
88.796,0.1,2023-02-01 01:45:02,0.0,0.0
68.625,0.1,2023-02-01 01:45:03,0.0,0.0
86.742,0.1,2023-02-01 01:45:04,0.0,0.0
77.45,0.1,2023-02-01 01:45:05,0.0,0.0
112.948,0.1,2023-02-01 01:45:06,0.0,0.0
124.992,0.1,2023-02-01 01:45:07,0.0,0.0
120.619,0.1,2023-02-01 01:45:08,0.0,0.0
140.545,0.1,2023-02-01 01:45:09,0.0,0.0
170.55,0.1,2023-02-01 01:45:10,0.0,0.0
145.845,0.1,2023-02-01 01:45:11,0.0,0.0
147.265,0.1,2023-02-01 01:45:12,0.0,0.0
135.521,0.1,2023-02-01 01:45:13,0.0,0.0
129.302,0.1,2023-02-01 01:45:14,0.0,0.0
113.834,0.1,2023-02-01 01:45:15,0.0,0.0
108.032,0.1,2023-02-01 01:45:16,0.0,0.0
106.773,0.1,2023-02-01 01:45:17,0.0,0.0
79.854,0.1,2023-02-01 01:45:18,0.0,0.0
83.977,0.1,2023-02-01 01:45:19,0.0,0.0
96.368,0.1,2023-02-01 01:45:20,0.0,0.0
117.688,0.1,2023-02-01 01:45:21,0.0,0.0
132.666,0.1,2023-02-01 01:45:22,0.0,0.0
144.409,0.1,2023-02-01 01:45:23,0.0,0.0
111.194,0.1,2023-02-01 01:45:24,0.0,0.0
136.326,0.1,2023-02-01 01:45:25,0.0,0.0
120.364,0.1,2023-02-01 01:45:26,0.0,0.0
126.785,0.1,2023-02-01 01:45:27,0.0,0.0
150.804,0.1,2023-02-01 01:45:28,0.0,0.0
176.638,0.1,2023-02-01 01:45:29,0.0,0.0
160.057,0.1,2023-02-01 01:45:30,0.0,0.0
161.084,0.1,2023-02-01 01:45:31,0.0,0.0
130.17,0.1,2023-02-01 01:45:32,0.0,0.0
132.499,0.1,2023-02-01 01:45:33,0.0,0.0
107.695,0.1,2023-02-01 01:45:34,0.0,0.0
108.02,0.1,2023-02-01 01:45:35,0.0,0.0
115.304,0.1,2023-02-01 01:45:36,0.0,0.0
129.064,0.1,2023-02-01 01:45:37,0.0,0.0
138.547,0.1,2023-02-01 01:45:38,0.0,0.0
115.487,0.1,2023-02-01 01:45:39,0.0,0.0
113.825,0.1,2023-02-01 01:45:40,0.0,0.0
142.462,0.1,2023-02-01 01:45:41,0.0,0.0
136.157,0.1,2023-02-01 01:45:42,0.0,0.0
109.884,0.1,2023-02-01 01:45:43,0.0,0.0
121.083,0.1,2023-02-01 01:45:44,0.0,0.0
144.188,0.1,2023-02-01 01:45:45,0.0,0.0
163.347,0.1,2023-02-01 01:45:46,0.0,0.0
165.728,0.1,2023-02-01 01:45:47,0.0,0.0
162.814,0.1,2023-02-01 01:45:48,0.0,0.0
156.57,0.1,2023-02-01 01:45:49,0.0,0.0
100.795,0.1,2023-02-01 01:45:50,0.0,0.0
104.276,0.1,2023-02-01 01:45:51,0.0,0.0
104.793,0.1,2023-02-01 01:45:52,0.0,0.0
98.42,0.1,2023-02-01 01:45:53,0.0,0.0
77.034,0.1,2023-02-01 01:45:54,0.0,0.0
107.183,0.1,2023-02-01 01:45:55,0.0,0.0
138.763,0.1,2023-02-01 01:45:56,0.0,0.0
162.188,0.1,2023-02-01 01:45:57,0.0,0.0
140.398,0.1,2023-02-01 01:45:58,0.0,0.0
126.515,0.1,2023-02-01 01:45:59,0.0,0.0
144.765,0.1,2023-02-01 01:46:00,0.0,0.0
113.152,0.1,2023-02-01 01:46:01,0.0,0.0
129.762,0.1,2023-02-01 01:46:02,0.0,0.0
95.72,0.1,2023-02-01 01:46:03,0.0,0.0
108.761,0.1,2023-02-01 01:46:04,0.0,0.0
123.723,0.1,2023-02-01 01:46:05,0.0,0.0
136.846,0.1,2023-02-01 01:46:06,0.0,0.0
120.133,0.1,2023-02-01 01:46:07,0.0,0.0
