datetime,ccn_conc,pollution_flag,ccn_flag,ccn_sursaturation
2021-02-06 12:02:46,124.751,0.0,0.0,0.2
2021-02-06 12:02:48,136.051,0.0,0.0,0.2
2021-02-06 12:02:52,115.365,0.0,0.0,0.2
2021-02-06 12:02:55,119.625,0.0,0.0,0.2
2021-02-06 12:02:56,113.034,0.0,0.0,0.2
2021-02-06 12:03:06,135.932,0.0,0.0,0.2
2021-02-06 12:03:19,110.606,0.0,0.0,0.2
2021-02-06 12:03:21,152.217,0.0,0.0,0.2
2021-02-06 12:03:48,114.558,0.0,0.0,0.2
2021-02-06 12:04:01,131.029,0.0,0.0,0.2
2021-02-06 12:04:07,125.271,0.0,0.0,0.2
2021-02-06 12:04:08,140.992,0.0,0.0,0.2
2021-02-06 12:04:27,138.544,0.0,0.0,0.2
2021-02-06 12:04:32,139.361,0.0,0.0,0.2
2021-02-06 12:04:47,107.959,0.0,0.0,0.2
2021-02-06 12:05:00,139.337,0.0,0.0,0.2
2021-02-06 12:06:54,133.343,0.0,0.0,0.2
2021-02-06 12:06:55,128.944,0.0,0.0,0.2
2021-02-06 12:06:56,124.897,0.0,0.0,0.2
2021-02-06 12:06:57,170.316,0.0,0.0,0.2
2021-02-06 12:06:58,138.036,0.0,0.0,0.2
2021-02-06 12:07:00,125.455,0.0,0.0,0.2
2021-02-06 12:07:03,130.763,0.0,0.0,0.2
2021-02-06 12:07:04,164.93,0.0,0.0,0.2
2021-02-06 12:07:05,147.937,0.0,0.0,0.2
2021-02-06 12:07:06,144.589,0.0,0.0,0.2
2021-02-06 12:07:07,131.547,0.0,0.0,0.2
2021-02-06 12:07:08,133.102,0.0,0.0,0.2
2021-02-06 12:07:10,127.214,0.0,0.0,0.2
2021-02-06 12:07:11,117.88,0.0,0.0,0.2
2021-02-06 12:07:12,111.843,0.0,0.0,0.2
2021-02-06 12:07:13,144.179,0.0,0.0,0.2
2021-02-06 12:07:15,141.219,0.0,0.0,0.2
2021-02-06 12:07:16,115.934,0.0,0.0,0.2
2021-02-06 12:07:17,130.67,0.0,0.0,0.2
2021-02-06 12:07:18,142.339,0.0,0.0,0.2
2021-02-06 12:07:21,128.72,0.0,0.0,0.2
2021-02-06 12:07:22,134.936,0.0,0.0,0.2
2021-02-06 12:07:23,141.441,0.0,0.0,0.2
2021-02-06 12:07:24,141.604,0.0,0.0,0.2
2021-02-06 12:07:25,114.799,0.0,0.0,0.2
2021-02-06 12:07:28,113.091,0.0,0.0,0.2
2021-02-06 12:07:30,142.218,0.0,0.0,0.2
2021-02-06 12:07:31,121.784,0.0,0.0,0.2
2021-02-06 12:07:33,120.515,0.0,0.0,0.2
2021-02-06 12:07:36,164.458,0.0,0.0,0.2
2021-02-06 12:07:37,156.088,0.0,0.0,0.2
2021-02-06 12:07:39,126.76,0.0,0.0,0.2
2021-02-06 12:07:40,131.375,0.0,0.0,0.2
2021-02-06 12:07:42,150.229,0.0,0.0,0.2
2021-02-06 12:07:45,148.241,0.0,0.0,0.2
2021-02-06 12:07:48,138.714,0.0,0.0,0.2
2021-02-06 12:07:49,103.067,0.0,0.0,0.2
2021-02-06 12:07:50,116.039,0.0,0.0,0.2
2021-02-06 12:07:52,151.088,0.0,0.0,0.2
2021-02-06 12:07:53,117.964,0.0,0.0,0.2
2021-02-06 12:07:54,145.216,0.0,0.0,0.2
2021-02-06 12:07:55,140.322,0.0,0.0,0.2
2021-02-06 12:07:56,137.853,0.0,0.0,0.2
2021-02-06 12:07:57,131.022,0.0,0.0,0.2
2021-02-06 12:07:58,141.232,0.0,0.0,0.2
2021-02-06 12:07:59,149.206,0.0,0.0,0.2
2021-02-06 12:08:00,135.066,0.0,0.0,0.2
2021-02-06 12:08:01,118.742,0.0,0.0,0.2
2021-02-06 12:08:04,121.126,0.0,0.0,0.2
2021-02-06 12:08:06,164.812,0.0,0.0,0.2
2021-02-06 12:08:07,150.259,0.0,0.0,0.2
2021-02-06 12:08:08,145.914,0.0,0.0,0.2
2021-02-06 12:08:09,115.97,0.0,0.0,0.2
2021-02-06 12:08:14,140.494,0.0,0.0,0.2
2021-02-06 12:08:15,137.409,0.0,0.0,0.2
2021-02-06 12:08:16,134.289,0.0,0.0,0.2
2021-02-06 12:08:17,122.117,0.0,0.0,0.2
2021-02-06 12:08:18,126.386,0.0,0.0,0.2
2021-02-06 12:08:20,125.978,0.0,0.0,0.2
2021-02-06 12:08:21,153.459,0.0,0.0,0.2
2021-02-06 12:08:23,134.397,0.0,0.0,0.2
2021-02-06 12:08:24,128.157,0.0,0.0,0.2
2021-02-06 12:08:25,139.759,0.0,0.0,0.2
2021-02-06 12:08:26,130.339,0.0,0.0,0.2
2021-02-06 12:08:29,132.704,0.0,0.0,0.2
2021-02-06 12:12:27,140.415,0.0,0.0,0.4
2021-02-06 12:12:28,145.579,0.0,0.0,0.4
2021-02-06 12:12:29,148.115,0.0,0.0,0.4
2021-02-06 12:12:31,144.912,0.0,0.0,0.4
2021-02-06 12:12:33,140.167,0.0,0.0,0.4
2021-02-06 12:12:34,168.654,0.0,0.0,0.4
2021-02-06 12:12:35,172.903,0.0,0.0,0.4
2021-02-06 12:12:36,171.075,0.0,0.0,0.4
2021-02-06 12:12:38,131.753,0.0,0.0,0.4
2021-02-06 12:12:41,160.258,0.0,0.0,0.4
2021-02-06 12:12:42,146.977,0.0,0.0,0.4
2021-02-06 12:12:44,180.017,0.0,0.0,0.4
2021-02-06 12:12:46,149.79,0.0,0.0,0.4
2021-02-06 12:12:50,160.274,0.0,0.0,0.4
2021-02-06 12:12:51,140.597,0.0,0.0,0.4
2021-02-06 12:12:53,154.013,0.0,0.0,0.4
2021-02-06 12:12:54,164.614,0.0,0.0,0.4
2021-02-06 12:12:55,160.294,0.0,0.0,0.4
2021-02-06 12:12:57,145.014,0.0,0.0,0.4
2021-02-06 12:12:58,137.823,0.0,0.0,0.4
2021-02-06 12:12:59,143.713,0.0,0.0,0.4
2021-02-06 12:13:02,174.02,0.0,0.0,0.4
2021-02-06 12:13:03,172.241,0.0,0.0,0.4
2021-02-06 12:16:51,202.884,0.0,0.0,0.6
2021-02-06 12:16:52,188.234,0.0,0.0,0.6
2021-02-06 12:16:53,177.257,0.0,0.0,0.6
2021-02-06 12:16:56,196.215,0.0,0.0,0.6
2021-02-06 12:16:57,180.155,0.0,0.0,0.6
2021-02-06 12:16:58,168.613,0.0,0.0,0.6
2021-02-06 12:16:59,168.606,0.0,0.0,0.6
2021-02-06 12:17:00,180.361,0.0,0.0,0.6
2021-02-06 12:17:01,179.983,0.0,0.0,0.6
2021-02-06 12:17:03,172.03,0.0,0.0,0.6
2021-02-06 12:17:04,186.133,0.0,0.0,0.6
2021-02-06 12:17:05,178.023,0.0,0.0,0.6
2021-02-06 12:17:07,200.233,0.0,0.0,0.6
2021-02-06 12:17:08,171.029,0.0,0.0,0.6
2021-02-06 12:17:09,173.474,0.0,0.0,0.6
2021-02-06 12:17:11,183.796,0.0,0.0,0.6
2021-02-06 12:17:12,175.88,0.0,0.0,0.6
2021-02-06 12:17:13,212.887,0.0,0.0,0.6
2021-02-06 12:17:15,190.371,0.0,0.0,0.6
2021-02-06 12:17:17,141.384,0.0,0.0,0.6
2021-02-06 12:17:18,181.74,0.0,0.0,0.6
2021-02-06 12:17:19,206.489,0.0,0.0,0.6
2021-02-06 12:17:20,160.821,0.0,0.0,0.6
2021-02-06 12:17:21,157.978,0.0,0.0,0.6
2021-02-06 12:17:23,190.214,0.0,0.0,0.6
2021-02-06 12:17:24,177.816,0.0,0.0,0.6
2021-02-06 12:17:25,160.339,0.0,0.0,0.6
2021-02-06 12:17:26,149.084,0.0,0.0,0.6
2021-02-06 12:17:27,179.387,0.0,0.0,0.6
2021-02-06 12:17:28,191.938,0.0,0.0,0.6
2021-02-06 12:17:29,193.286,0.0,0.0,0.6
2021-02-06 12:17:30,204.018,0.0,0.0,0.6
2021-02-06 12:17:31,207.324,0.0,0.0,0.6
2021-02-06 12:17:32,168.374,0.0,0.0,0.6
2021-02-06 12:17:33,183.621,0.0,0.0,0.6
2021-02-06 12:17:34,160.074,0.0,0.0,0.6
2021-02-06 12:17:35,186.757,0.0,0.0,0.6
2021-02-06 12:17:36,169.542,0.0,0.0,0.6
2021-02-06 12:17:37,173.668,0.0,0.0,0.6
2021-02-06 12:17:41,171.355,0.0,0.0,0.6
2021-02-06 12:17:42,193.997,0.0,0.0,0.6
2021-02-06 12:17:43,199.162,0.0,0.0,0.6
2021-02-06 12:17:45,169.344,0.0,0.0,0.6
2021-02-06 12:17:46,176.566,0.0,0.0,0.6
2021-02-06 12:17:47,178.907,0.0,0.0,0.6
2021-02-06 12:17:48,191.602,0.0,0.0,0.6
2021-02-06 12:17:49,179.512,0.0,0.0,0.6
2021-02-06 12:17:51,179.079,0.0,0.0,0.6
2021-02-06 12:17:52,170.435,0.0,0.0,0.6
2021-02-06 12:17:53,164.036,0.0,0.0,0.6
2021-02-06 12:17:54,206.991,0.0,0.0,0.6
2021-02-06 12:17:55,198.406,0.0,0.0,0.6
2021-02-06 12:17:56,184.16,0.0,0.0,0.6
2021-02-06 12:17:58,178.543,0.0,0.0,0.6
2021-02-06 12:17:59,193.751,0.0,0.0,0.6
2021-02-06 12:18:00,196.296,0.0,0.0,0.6
2021-02-06 12:18:01,172.543,0.0,0.0,0.6
2021-02-06 12:18:02,178.018,0.0,0.0,0.6
2021-02-06 12:18:03,186.367,0.0,0.0,0.6
2021-02-06 12:18:04,162.939,0.0,0.0,0.6
2021-02-06 12:18:06,154.673,0.0,0.0,0.6
2021-02-06 12:18:07,154.629,0.0,0.0,0.6
2021-02-06 12:18:08,171.02,0.0,0.0,0.6
2021-02-06 12:18:11,160.78,0.0,0.0,0.6
2021-02-06 12:18:12,163.179,0.0,0.0,0.6
2021-02-06 12:18:13,210.443,0.0,0.0,0.6
2021-02-06 12:18:14,200.125,0.0,0.0,0.6
2021-02-06 12:18:15,128.755,0.0,0.0,0.6
2021-02-06 12:18:16,170.742,0.0,0.0,0.6
2021-02-06 12:18:17,211.521,0.0,0.0,0.6
2021-02-06 12:18:18,186.232,0.0,0.0,0.6
2021-02-06 12:18:19,180.49,0.0,0.0,0.6
2021-02-06 12:18:20,180.664,0.0,0.0,0.6
2021-02-06 12:18:23,169.592,0.0,0.0,0.6
2021-02-06 12:18:24,168.621,0.0,0.0,0.6
2021-02-06 12:18:25,186.472,0.0,0.0,0.6
2021-02-06 12:18:26,166.324,0.0,0.0,0.6
2021-02-06 12:18:28,186.183,0.0,0.0,0.6
2021-02-06 12:18:29,197.319,0.0,0.0,0.6
2021-02-06 12:18:30,172.559,0.0,0.0,0.6
2021-02-06 12:18:31,182.332,0.0,0.0,0.6
2021-02-06 12:18:32,155.756,0.0,0.0,0.6
2021-02-06 12:18:33,207.579,0.0,0.0,0.6
2021-02-06 12:18:34,156.06,0.0,0.0,0.6
2021-02-06 12:18:35,152.958,0.0,0.0,0.6
2021-02-06 12:18:36,187.613,0.0,0.0,0.6
2021-02-06 12:18:37,202.619,0.0,0.0,0.6
2021-02-06 12:18:38,214.018,0.0,0.0,0.6
2021-02-06 12:20:55,207.387,0.0,0.0,0.8
2021-02-06 12:20:56,241.641,0.0,0.0,0.8
2021-02-06 12:20:58,240.628,0.0,0.0,0.8
2021-02-06 12:20:59,240.1,0.0,0.0,0.8
2021-02-06 12:21:00,208.982,0.0,0.0,0.8
2021-02-06 12:21:01,204.757,0.0,0.0,0.8
2021-02-06 12:21:02,192.765,0.0,0.0,0.8
2021-02-06 12:21:05,228.164,0.0,0.0,0.8
2021-02-06 12:21:06,224.126,0.0,0.0,0.8
2021-02-06 12:21:07,206.778,0.0,0.0,0.8
2021-02-06 12:21:09,224.3,0.0,0.0,0.8
2021-02-06 12:21:12,199.487,0.0,0.0,0.8
2021-02-06 12:21:13,237.884,0.0,0.0,0.8
2021-02-06 12:21:14,269.273,0.0,0.0,0.8
2021-02-06 12:21:16,211.969,0.0,0.0,0.8
2021-02-06 12:21:17,190.132,0.0,0.0,0.8
2021-02-06 12:21:18,195.84,0.0,0.0,0.8
2021-02-06 12:21:19,213.771,0.0,0.0,0.8
2021-02-06 12:21:20,243.772,0.0,0.0,0.8
2021-02-06 12:21:21,264.834,0.0,0.0,0.8
2021-02-06 12:21:22,216.645,0.0,0.0,0.8
2021-02-06 12:21:27,235.12,0.0,0.0,0.8
2021-02-06 12:21:28,197.194,0.0,0.0,0.8
2021-02-06 12:21:29,224.622,0.0,0.0,0.8
2021-02-06 12:21:30,214.272,0.0,0.0,0.8
2021-02-06 12:21:31,210.572,0.0,0.0,0.8
2021-02-06 12:21:32,209.249,0.0,0.0,0.8
2021-02-06 12:21:33,228.471,0.0,0.0,0.8
2021-02-06 12:21:34,241.824,0.0,0.0,0.8
2021-02-06 12:21:35,292.519,0.0,0.0,0.8
2021-02-06 12:21:36,226.022,0.0,0.0,0.8
2021-02-06 12:21:37,178.308,0.0,0.0,0.8
2021-02-06 12:21:38,235.183,0.0,0.0,0.8
2021-02-06 12:21:39,193.289,0.0,0.0,0.8
2021-02-06 12:21:40,213.262,0.0,0.0,0.8
2021-02-06 12:21:41,227.889,0.0,0.0,0.8
2021-02-06 12:21:42,210.716,0.0,0.0,0.8
2021-02-06 12:21:43,210.178,0.0,0.0,0.8
2021-02-06 12:21:44,227.012,0.0,0.0,0.8
2021-02-06 12:21:45,215.66,0.0,0.0,0.8
2021-02-06 12:21:46,211.095,0.0,0.0,0.8
2021-02-06 12:21:47,230.998,0.0,0.0,0.8
2021-02-06 12:21:48,200.193,0.0,0.0,0.8
2021-02-06 12:21:49,201.969,0.0,0.0,0.8
2021-02-06 12:21:50,170.465,0.0,0.0,0.8
2021-02-06 12:21:51,226.736,0.0,0.0,0.8
2021-02-06 12:21:53,234.941,0.0,0.0,0.8
2021-02-06 12:21:54,242.482,0.0,0.0,0.8
2021-02-06 12:21:55,236.592,0.0,0.0,0.8
2021-02-06 12:21:56,195.66,0.0,0.0,0.8
2021-02-06 12:21:57,214.584,0.0,0.0,0.8
2021-02-06 12:21:58,235.693,0.0,0.0,0.8
2021-02-06 12:21:59,212.589,0.0,0.0,0.8
2021-02-06 12:22:00,207.587,0.0,0.0,0.8
2021-02-06 12:22:01,227.357,0.0,0.0,0.8
2021-02-06 12:22:02,230.25,0.0,0.0,0.8
2021-02-06 12:22:03,228.873,0.0,0.0,0.8
2021-02-06 12:22:04,257.241,0.0,0.0,0.8
2021-02-06 12:22:05,212.506,0.0,0.0,0.8
2021-02-06 12:22:06,173.298,0.0,0.0,0.8
2021-02-06 12:22:10,235.744,0.0,0.0,0.8
2021-02-06 12:22:11,218.825,0.0,0.0,0.8
2021-02-06 12:22:12,238.97,0.0,0.0,0.8
2021-02-06 12:22:13,203.602,0.0,0.0,0.8
2021-02-06 12:22:16,186.769,0.0,0.0,0.8
2021-02-06 12:22:17,221.268,0.0,0.0,0.8
2021-02-06 12:22:18,245.53,0.0,0.0,0.8
2021-02-06 12:22:19,224.583,0.0,0.0,0.8
2021-02-06 12:22:20,212.554,0.0,0.0,0.8
2021-02-06 12:22:21,181.119,0.0,0.0,0.8
2021-02-06 12:22:22,208.222,0.0,0.0,0.8
2021-02-06 12:22:23,167.464,0.0,0.0,0.8
2021-02-06 12:22:25,204.081,0.0,0.0,0.8
2021-02-06 12:22:26,220.039,0.0,0.0,0.8
2021-02-06 12:22:27,245.386,0.0,0.0,0.8
2021-02-06 12:22:28,189.659,0.0,0.0,0.8
2021-02-06 12:22:29,223.26,0.0,0.0,0.8
2021-02-06 12:22:31,216.065,0.0,0.0,0.8
2021-02-06 12:22:32,202.776,0.0,0.0,0.8
2021-02-06 12:22:33,207.53,0.0,0.0,0.8
2021-02-06 12:22:34,212.064,0.0,0.0,0.8
2021-02-06 12:22:35,185.309,0.0,0.0,0.8
2021-02-06 12:22:36,178.023,0.0,0.0,0.8
2021-02-06 12:22:37,198.524,0.0,0.0,0.8
2021-02-06 12:27:35,244.63,0.0,0.0,1.0
2021-02-06 12:27:36,233.041,0.0,0.0,1.0
2021-02-06 12:27:37,239.163,0.0,0.0,1.0
2021-02-06 12:27:39,248.349,0.0,0.0,1.0
2021-02-06 12:27:40,261.574,0.0,0.0,1.0
2021-02-06 12:27:41,317.46,0.0,0.0,1.0
2021-02-06 12:27:42,256.789,0.0,0.0,1.0
2021-02-06 12:27:45,252.84,0.0,0.0,1.0
2021-02-06 12:27:46,258.401,0.0,0.0,1.0
2021-02-06 12:27:48,214.041,0.0,0.0,1.0
2021-02-06 12:27:49,220.025,0.0,0.0,1.0
2021-02-06 12:27:50,259.033,0.0,0.0,1.0
2021-02-06 12:27:51,275.667,0.0,0.0,1.0
2021-02-06 12:27:52,303.49,0.0,0.0,1.0
2021-02-06 12:27:53,309.316,0.0,0.0,1.0
2021-02-06 12:27:54,292.69,0.0,0.0,1.0
2021-02-06 12:27:55,265.54,0.0,0.0,1.0
2021-02-06 12:27:56,266.837,0.0,0.0,1.0
2021-02-06 12:27:57,259.34,0.0,0.0,1.0
2021-02-06 12:27:58,251.682,0.0,0.0,1.0
2021-02-06 12:27:59,276.867,0.0,0.0,1.0
2021-02-06 12:28:00,266.74,0.0,0.0,1.0
2021-02-06 12:28:01,228.025,0.0,0.0,1.0
2021-02-06 12:28:02,244.16,0.0,0.0,1.0
2021-02-06 12:28:03,234.434,0.0,0.0,1.0
2021-02-06 12:28:04,267.856,0.0,0.0,1.0
2021-02-06 12:28:05,279.629,0.0,0.0,1.0
2021-02-06 12:28:06,266.967,0.0,0.0,1.0
2021-02-06 12:28:07,259.408,0.0,0.0,1.0
2021-02-06 12:28:09,229.355,0.0,0.0,1.0
2021-02-06 12:28:10,249.376,0.0,0.0,1.0
2021-02-06 12:28:11,249.451,0.0,0.0,1.0
2021-02-06 12:28:12,267.27,0.0,0.0,1.0
2021-02-06 12:28:13,233.321,0.0,0.0,1.0
2021-02-06 12:28:14,265.837,0.0,0.0,1.0
2021-02-06 12:28:15,268.693,0.0,0.0,1.0
2021-02-06 12:28:16,288.524,0.0,0.0,1.0
2021-02-06 12:28:17,282.797,0.0,0.0,1.0
2021-02-06 12:28:18,261.807,0.0,0.0,1.0
2021-02-06 12:28:19,289.031,0.0,0.0,1.0
2021-02-06 12:28:20,266.48,0.0,0.0,1.0
2021-02-06 12:28:21,273.151,0.0,0.0,1.0
2021-02-06 12:28:22,277.511,0.0,0.0,1.0
2021-02-06 12:28:23,247.851,0.0,0.0,1.0
2021-02-06 12:28:24,240.43,0.0,0.0,1.0
2021-02-06 12:28:25,197.091,0.0,0.0,1.0
2021-02-06 12:28:26,291.304,0.0,0.0,1.0
2021-02-06 12:28:27,225.681,0.0,0.0,1.0
2021-02-06 12:28:29,270.881,0.0,0.0,1.0
2021-02-06 12:28:30,353.009,0.0,0.0,1.0
2021-02-06 12:28:31,279.045,0.0,0.0,1.0
2021-02-06 12:28:32,283.154,0.0,0.0,1.0
2021-02-06 12:28:33,277.477,0.0,0.0,1.0
2021-02-06 12:28:34,261.498,0.0,0.0,1.0
2021-02-06 12:28:37,242.342,0.0,0.0,1.0
2021-02-06 12:28:38,252.54,0.0,0.0,1.0
2021-02-06 12:34:32,177.563,0.0,0.0,0.2
2021-02-06 12:34:33,147.086,0.0,0.0,0.2
2021-02-06 12:34:34,163.301,0.0,0.0,0.2
2021-02-06 12:34:35,178.561,0.0,0.0,0.2
2021-02-06 12:34:36,156.389,0.0,0.0,0.2
2021-02-06 12:34:38,138.707,0.0,0.0,0.2
2021-02-06 12:34:39,123.444,0.0,0.0,0.2
2021-02-06 12:34:40,128.386,0.0,0.0,0.2
2021-02-06 12:34:41,152.429,0.0,0.0,0.2
2021-02-06 12:34:42,150.304,0.0,0.0,0.2
2021-02-06 12:34:43,165.325,0.0,0.0,0.2
2021-02-06 12:34:44,172.569,0.0,0.0,0.2
2021-02-06 12:34:45,159.043,0.0,0.0,0.2
2021-02-06 12:34:46,152.301,0.0,0.0,0.2
2021-02-06 12:34:47,142.247,0.0,0.0,0.2
2021-02-06 12:34:48,168.457,0.0,0.0,0.2
2021-02-06 12:34:49,171.841,0.0,0.0,0.2
2021-02-06 12:34:51,148.148,0.0,0.0,0.2
2021-02-06 12:34:52,134.55,0.0,0.0,0.2
2021-02-06 12:34:53,146.692,0.0,0.0,0.2
2021-02-06 12:34:54,153.688,0.0,0.0,0.2
2021-02-06 12:34:55,135.332,0.0,0.0,0.2
2021-02-06 12:34:56,124.893,0.0,0.0,0.2
2021-02-06 12:34:57,148.65,0.0,0.0,0.2
2021-02-06 12:34:58,152.921,0.0,0.0,0.2
2021-02-06 12:34:59,130.008,0.0,0.0,0.2
2021-02-06 12:35:00,160.587,0.0,0.0,0.2
2021-02-06 12:35:01,149.726,0.0,0.0,0.2
2021-02-06 12:35:03,135.575,0.0,0.0,0.2
2021-02-06 12:35:04,172.899,0.0,0.0,0.2
2021-02-06 12:35:05,140.711,0.0,0.0,0.2
2021-02-06 12:35:09,121.736,0.0,0.0,0.2
2021-02-06 12:35:10,151.586,0.0,0.0,0.2
2021-02-06 12:35:11,148.811,0.0,0.0,0.2
2021-02-06 12:35:12,136.943,0.0,0.0,0.2
2021-02-06 12:35:13,158.702,0.0,0.0,0.2
2021-02-06 12:35:14,142.529,0.0,0.0,0.2
2021-02-06 12:35:15,147.909,0.0,0.0,0.2
2021-02-06 12:35:16,124.376,0.0,0.0,0.2
2021-02-06 12:35:17,123.666,0.0,0.0,0.2
2021-02-06 12:35:18,149.542,0.0,0.0,0.2
2021-02-06 12:35:19,111.889,0.0,0.0,0.2
2021-02-06 12:35:20,122.322,0.0,0.0,0.2
2021-02-06 12:35:21,137.792,0.0,0.0,0.2
2021-02-06 12:35:26,144.784,0.0,0.0,0.2
2021-02-06 12:35:27,136.1,0.0,0.0,0.2
2021-02-06 12:35:28,179.477,0.0,0.0,0.2
2021-02-06 12:35:29,143.004,0.0,0.0,0.2
2021-02-06 12:35:31,152.263,0.0,0.0,0.2
2021-02-06 12:35:32,120.896,0.0,0.0,0.2
2021-02-06 12:35:33,118.963,0.0,0.0,0.2
2021-02-06 12:35:34,148.646,0.0,0.0,0.2
2021-02-06 12:35:35,127.178,0.0,0.0,0.2
2021-02-06 12:35:36,159.435,0.0,0.0,0.2
2021-02-06 12:35:37,157.073,0.0,0.0,0.2
2021-02-06 12:35:39,126.144,0.0,0.0,0.2
2021-02-06 12:35:41,145.567,0.0,0.0,0.2
2021-02-06 12:35:42,140.235,0.0,0.0,0.2
2021-02-06 12:35:43,140.524,0.0,0.0,0.2
2021-02-06 12:35:44,132.163,0.0,0.0,0.2
2021-02-06 12:35:45,136.015,0.0,0.0,0.2
2021-02-06 12:35:46,137.878,0.0,0.0,0.2
2021-02-06 12:35:47,128.201,0.0,0.0,0.2
2021-02-06 12:35:48,140.664,0.0,0.0,0.2
2021-02-06 12:35:52,106.249,0.0,0.0,0.2
2021-02-06 12:35:53,116.541,0.0,0.0,0.2
2021-02-06 12:35:54,124.762,0.0,0.0,0.2
2021-02-06 12:36:01,134.495,0.0,0.0,0.2
2021-02-06 12:36:02,139.608,0.0,0.0,0.2
2021-02-06 12:36:03,137.71,0.0,0.0,0.2
2021-02-06 12:36:04,158.34,0.0,0.0,0.2
2021-02-06 12:36:05,153.889,0.0,0.0,0.2
2021-02-06 12:36:06,156.587,0.0,0.0,0.2
2021-02-06 12:36:07,102.559,0.0,0.0,0.2
2021-02-06 12:36:11,136.544,0.0,0.0,0.2
2021-02-06 12:36:12,162.76,0.0,0.0,0.2
2021-02-06 12:36:13,131.029,0.0,0.0,0.2
2021-02-06 12:36:14,168.011,0.0,0.0,0.2
2021-02-06 12:36:15,123.796,0.0,0.0,0.2
2021-02-06 12:36:16,125.106,0.0,0.0,0.2
2021-02-06 12:36:17,142.202,0.0,0.0,0.2
2021-02-06 12:36:18,133.454,0.0,0.0,0.2
2021-02-06 12:36:19,133.109,0.0,0.0,0.2
2021-02-06 12:36:21,148.727,0.0,0.0,0.2
2021-02-06 12:36:22,112.707,0.0,0.0,0.2
2021-02-06 12:36:23,149.59,0.0,0.0,0.2
2021-02-06 12:36:24,164.78,0.0,0.0,0.2
2021-02-06 12:36:27,155.624,0.0,0.0,0.2
2021-02-06 12:36:28,137.298,0.0,0.0,0.2
2021-02-06 12:36:29,125.333,0.0,0.0,0.2
2021-02-06 12:36:30,126.697,0.0,0.0,0.2
2021-02-06 12:36:31,102.887,0.0,0.0,0.2
2021-02-06 12:36:32,142.865,0.0,0.0,0.2
2021-02-06 12:36:33,111.179,0.0,0.0,0.2
2021-02-06 12:36:34,140.05,0.0,0.0,0.2
2021-02-06 12:36:35,137.538,0.0,0.0,0.2
2021-02-06 12:36:37,128.671,0.0,0.0,0.2
2021-02-06 12:36:38,131.296,0.0,0.0,0.2
2021-02-06 12:36:39,145.335,0.0,0.0,0.2
2021-02-06 12:36:40,169.254,0.0,0.0,0.2
2021-02-06 12:36:41,156.909,0.0,0.0,0.2
2021-02-06 12:36:42,151.145,0.0,0.0,0.2
2021-02-06 12:36:43,161.25,0.0,0.0,0.2
2021-02-06 12:56:40,211.77,0.0,0.0,0.8
2021-02-06 01:55:30,249.857,0.0,0.0,1.0
2021-02-06 01:55:31,272.839,0.0,0.0,1.0
2021-02-06 01:55:37,275.152,0.0,0.0,1.0
2021-02-06 01:55:43,261.933,0.0,0.0,1.0
2021-02-06 01:55:25,338.17,0.0,0.0,1.0
2021-02-06 01:55:26,350.227,0.0,0.0,1.0
2021-02-06 01:55:27,365.498,0.0,0.0,1.0
2021-02-06 01:55:29,319.068,0.0,0.0,1.0
2021-02-06 01:55:32,330.255,0.0,0.0,1.0
2021-02-06 01:55:36,340.037,0.0,0.0,1.0
2021-02-06 01:55:38,301.786,0.0,0.0,1.0
2021-02-06 01:55:39,328.656,0.0,0.0,1.0
2021-02-06 01:55:40,377.639,0.0,0.0,1.0
2021-02-06 01:55:41,389.682,0.0,0.0,1.0
2021-02-06 01:55:42,366.017,0.0,0.0,1.0
2021-02-06 01:55:44,287.004,0.0,0.0,1.0
2021-02-06 01:55:45,291.373,0.0,0.0,1.0
2021-02-06 01:55:46,365.562,0.0,0.0,1.0
2021-02-06 01:55:47,371.495,0.0,0.0,1.0
2021-02-06 01:55:48,327.831,0.0,0.0,1.0
2021-02-06 01:55:49,381.207,0.0,0.0,1.0
2021-02-06 01:55:50,358.071,0.0,0.0,1.0
2021-02-06 01:55:51,364.392,0.0,0.0,1.0
2021-02-06 01:55:52,335.381,0.0,0.0,1.0
2021-02-06 01:55:53,378.712,0.0,0.0,1.0
2021-02-06 01:55:54,337.584,0.0,0.0,1.0
2021-02-06 01:55:55,347.614,0.0,0.0,1.0
2021-02-06 01:55:56,337.748,0.0,0.0,1.0
2021-02-06 01:55:57,310.518,0.0,0.0,1.0
2021-02-06 01:55:58,335.813,0.0,0.0,1.0
2021-02-06 01:55:59,338.607,0.0,0.0,1.0
2021-02-06 01:56:00,326.122,0.0,0.0,1.0
2021-02-06 10:58:20,153.183,0.0,0.0,0.2
2021-02-06 11:01:43,183.402,0.0,0.0,0.4
2021-02-06 11:07:29,233.535,0.0,0.0,0.6
2021-02-06 11:07:30,255.465,0.0,0.0,0.6
2021-02-06 11:07:36,226.394,0.0,0.0,0.6
2021-02-06 11:07:37,224.659,0.0,0.0,0.6
2021-02-06 11:07:55,204.599,0.0,0.0,0.6
2021-02-06 11:08:04,213.741,0.0,0.0,0.6
2021-02-06 11:08:05,261.077,0.0,0.0,0.6
2021-02-06 11:08:18,273.398,0.0,0.0,0.6
2021-02-06 11:10:46,212.969,0.0,0.0,0.8
2021-02-06 11:10:53,268.252,0.0,0.0,0.8
2021-02-06 11:10:54,228.879,0.0,0.0,0.8
2021-02-06 11:10:55,289.788,0.0,0.0,0.8
2021-02-06 11:11:00,209.924,0.0,0.0,0.8
2021-02-06 11:11:01,284.925,0.0,0.0,0.8
2021-02-06 11:11:09,241.468,0.0,0.0,0.8
2021-02-06 11:11:22,204.17,0.0,0.0,0.8
2021-02-06 11:11:23,190.03,0.0,0.0,0.8
2021-02-06 11:11:24,231.111,0.0,0.0,0.8
2021-02-06 11:11:38,245.348,0.0,0.0,0.8
2021-02-06 11:11:39,257.162,0.0,0.0,0.8
2021-02-06 11:11:54,230.82,0.0,0.0,0.8
2021-02-06 11:11:55,189.825,0.0,0.0,0.8
2021-02-06 11:11:58,244.427,0.0,0.0,0.8
2021-02-06 11:12:17,285.406,0.0,0.0,0.8
2021-02-06 11:16:37,292.034,0.0,0.0,1.0
2021-02-06 11:16:39,313.033,0.0,0.0,1.0
2021-02-06 11:16:40,289.793,0.0,0.0,1.0
2021-02-06 11:16:51,276.134,0.0,0.0,1.0
2021-02-06 11:16:52,301.937,0.0,0.0,1.0
2021-02-06 11:16:57,273.983,0.0,0.0,1.0
2021-02-06 11:17:04,262.218,0.0,0.0,1.0
2021-02-06 11:17:06,274.417,0.0,0.0,1.0
2021-02-06 11:17:24,289.093,0.0,0.0,1.0
2021-02-06 11:17:25,238.161,0.0,0.0,1.0
2021-02-06 11:17:27,237.509,0.0,0.0,1.0
2021-02-06 11:17:33,242.507,0.0,0.0,1.0
2021-02-06 11:17:37,255.794,0.0,0.0,1.0
2021-02-06 11:17:38,247.12,0.0,0.0,1.0
2021-02-06 11:17:44,272.897,0.0,0.0,1.0
2021-02-06 11:17:52,268.374,0.0,0.0,1.0
2021-02-06 11:17:54,297.792,0.0,0.0,1.0
2021-02-06 11:17:57,288.11,0.0,0.0,1.0
2021-02-06 11:17:59,246.684,0.0,0.0,1.0
2021-02-06 11:18:00,256.659,0.0,0.0,1.0
2021-02-06 11:18:06,276.401,0.0,0.0,1.0
2021-02-06 11:18:07,271.94,0.0,0.0,1.0
2021-02-06 11:18:09,207.317,0.0,0.0,1.0
2021-02-06 11:18:15,264.442,0.0,0.0,1.0
2021-02-06 11:18:16,277.799,0.0,0.0,1.0
2021-02-06 11:18:18,275.701,0.0,0.0,1.0
2021-02-06 11:18:23,260.192,0.0,0.0,1.0
2021-02-06 11:18:25,322.654,0.0,0.0,1.0
2021-02-06 11:18:27,299.712,0.0,0.0,1.0
2021-02-06 11:18:36,268.492,0.0,0.0,1.0
2021-02-06 11:24:04,179.686,0.0,0.0,0.2
2021-02-06 11:24:05,171.653,0.0,0.0,0.2
2021-02-06 11:24:07,171.063,0.0,0.0,0.2
2021-02-06 11:24:10,130.136,0.0,0.0,0.2
2021-02-06 11:24:11,185.497,0.0,0.0,0.2
2021-02-06 11:24:19,214.594,0.0,0.0,0.2
2021-02-06 11:24:22,199.113,0.0,0.0,0.2
2021-02-06 11:24:25,183.949,0.0,0.0,0.2
2021-02-06 11:24:29,217.308,0.0,0.0,0.2
2021-02-06 11:24:30,202.808,0.0,0.0,0.2
2021-02-06 11:24:37,178.351,0.0,0.0,0.2
2021-02-06 11:24:38,163.374,0.0,0.0,0.2
2021-02-06 11:24:39,172.53,0.0,0.0,0.2
2021-02-06 11:24:51,162.181,0.0,0.0,0.2
2021-02-06 11:24:52,196.755,0.0,0.0,0.2
2021-02-06 11:24:53,172.136,0.0,0.0,0.2
2021-02-06 11:24:56,187.036,0.0,0.0,0.2
2021-02-06 11:24:57,180.092,0.0,0.0,0.2
2021-02-06 11:25:07,175.099,0.0,0.0,0.2
2021-02-06 11:25:08,163.571,0.0,0.0,0.2
2021-02-06 11:25:09,169.863,0.0,0.0,0.2
2021-02-06 11:25:14,148.141,0.0,0.0,0.2
2021-02-06 11:25:16,151.17,0.0,0.0,0.2
2021-02-06 11:25:19,165.644,0.0,0.0,0.2
2021-02-05 06:29:49,291.582,0.0,0.0,0.6
2021-02-05 06:30:35,282.064,0.0,0.0,0.6
2021-02-05 06:30:42,279.551,0.0,0.0,0.6
2021-02-05 06:31:34,275.454,0.0,0.0,0.6
2021-02-05 06:31:48,282.238,0.0,0.0,0.6
2021-02-05 06:32:59,283.078,0.0,0.0,0.6
2021-02-05 06:35:32,280.06,0.0,0.0,0.8
2021-02-05 06:35:33,286.069,0.0,0.0,0.8
2021-02-05 06:35:39,305.932,0.0,0.0,0.8
2021-02-05 06:35:40,336.081,0.0,0.0,0.8
2021-02-05 06:35:51,277.455,0.0,0.0,0.8
2021-02-05 06:35:58,283.53,0.0,0.0,0.8
2021-02-05 06:36:00,276.845,0.0,0.0,0.8
2021-02-05 06:36:07,287.136,0.0,0.0,0.8
2021-02-05 06:36:08,288.195,0.0,0.0,0.8
2021-02-05 06:36:21,281.597,0.0,0.0,0.8
2021-02-05 06:36:48,276.415,0.0,0.0,0.8
2021-02-05 06:37:01,285.591,0.0,0.0,0.8
2021-02-05 06:37:07,278.001,0.0,0.0,0.8
2021-02-05 06:37:08,303.037,0.0,0.0,0.8
2021-02-05 06:37:09,302.937,0.0,0.0,0.8
2021-02-05 06:37:10,281.069,0.0,0.0,0.8
2021-02-05 06:37:15,335.409,0.0,0.0,0.8
2021-02-05 06:37:16,297.52,0.0,0.0,0.8
2021-02-05 06:37:24,288.044,0.0,0.0,0.8
2021-02-05 06:37:37,281.887,0.0,0.0,0.8
2021-02-05 06:37:38,289.748,0.0,0.0,0.8
2021-02-05 06:37:39,295.703,0.0,0.0,0.8
2021-02-05 06:37:53,295.657,0.0,0.0,0.8
2021-02-05 06:37:54,331.035,0.0,0.0,0.8
2021-02-05 06:38:09,290.81,0.0,0.0,0.8
2021-02-05 06:38:10,300.957,0.0,0.0,0.8
2021-02-05 06:38:13,282.449,0.0,0.0,0.8
2021-02-05 06:38:29,276.741,0.0,0.0,0.8
2021-02-05 06:38:31,278.28,0.0,0.0,0.8
2021-02-05 06:38:32,280.148,0.0,0.0,0.8
2021-02-05 06:40:15,277.042,0.0,0.0,1.0
2021-02-05 06:40:17,319.918,0.0,0.0,1.0
2021-02-05 06:40:19,336.232,0.0,0.0,1.0
2021-02-05 06:40:20,324.341,0.0,0.0,1.0
2021-02-05 06:40:31,333.153,0.0,0.0,1.0
2021-02-05 06:40:32,309.344,0.0,0.0,1.0
2021-02-05 06:40:33,276.543,0.0,0.0,1.0
2021-02-05 06:40:36,277.375,0.0,0.0,1.0
2021-02-05 06:40:37,282.044,0.0,0.0,1.0
2021-02-05 06:40:44,307.969,0.0,0.0,1.0
2021-02-05 06:40:46,280.597,0.0,0.0,1.0
2021-02-05 06:41:04,280.572,0.0,0.0,1.0
2021-02-05 06:41:05,285.606,0.0,0.0,1.0
2021-02-05 06:41:06,276.632,0.0,0.0,1.0
2021-02-05 06:41:07,280.821,0.0,0.0,1.0
2021-02-05 06:41:13,295.295,0.0,0.0,1.0
2021-02-05 06:41:17,343.182,0.0,0.0,1.0
2021-02-05 06:41:18,333.142,0.0,0.0,1.0
2021-02-05 06:41:24,342.695,0.0,0.0,1.0
2021-02-05 06:41:32,310.249,0.0,0.0,1.0
2021-02-05 06:41:34,305.284,0.0,0.0,1.0
2021-02-05 06:41:37,297.396,0.0,0.0,1.0
2021-02-05 06:41:38,278.523,0.0,0.0,1.0
2021-02-05 06:41:39,315.248,0.0,0.0,1.0
2021-02-05 06:41:40,306.837,0.0,0.0,1.0
2021-02-05 06:41:46,284.643,0.0,0.0,1.0
2021-02-05 06:41:47,300.509,0.0,0.0,1.0
2021-02-05 06:41:48,276.396,0.0,0.0,1.0
2021-02-05 06:41:49,320.725,0.0,0.0,1.0
2021-02-05 06:41:54,310.582,0.0,0.0,1.0
2021-02-05 06:41:55,315.512,0.0,0.0,1.0
2021-02-05 06:41:57,280.544,0.0,0.0,1.0
2021-02-05 06:42:02,288.392,0.0,0.0,1.0
2021-02-05 06:42:04,298.048,0.0,0.0,1.0
2021-02-05 06:42:06,302.554,0.0,0.0,1.0
2021-02-05 06:42:10,276.808,0.0,0.0,1.0
2021-02-05 06:42:15,301.45,0.0,0.0,1.0
2021-02-05 06:42:20,284.622,0.0,0.0,1.0
2021-02-05 06:42:21,300.6,0.0,0.0,1.0
2021-02-05 06:42:23,331.785,0.0,0.0,1.0
2021-02-05 06:42:26,283.111,0.0,0.0,1.0
2021-02-05 06:42:27,304.177,0.0,0.0,1.0
2021-02-05 06:42:35,312.464,0.0,0.0,1.0
2021-02-05 06:42:36,275.498,0.0,0.0,1.0
2021-02-05 06:42:38,294.651,0.0,0.0,1.0
2021-02-05 06:42:41,285.803,0.0,0.0,1.0
2021-02-05 06:42:45,305.769,0.0,0.0,1.0
2021-02-05 06:42:46,290.708,0.0,0.0,1.0
2021-02-05 06:42:53,342.585,0.0,0.0,1.0
2021-02-05 06:42:54,311.458,0.0,0.0,1.0
2021-02-05 06:42:55,311.207,0.0,0.0,1.0
2021-02-05 06:42:57,275.263,0.0,0.0,1.0
2021-02-05 06:43:07,319.192,0.0,0.0,1.0
2021-02-05 06:43:08,313.371,0.0,0.0,1.0
2021-02-05 06:43:09,309.583,0.0,0.0,1.0
2021-02-05 06:43:12,290.611,0.0,0.0,1.0
2021-02-05 06:43:13,313.156,0.0,0.0,1.0
2021-02-05 06:43:16,275.943,0.0,0.0,1.0
2021-02-05 06:43:23,299.339,0.0,0.0,1.0
2021-02-05 06:43:24,286.174,0.0,0.0,1.0
2021-02-05 06:43:25,291.418,0.0,0.0,1.0
2021-02-05 06:43:30,298.205,0.0,0.0,1.0
2021-02-05 06:43:32,286.898,0.0,0.0,1.0
2021-02-05 06:43:35,288.746,0.0,0.0,1.0
2021-02-05 06:43:36,277.142,0.0,0.0,1.0
2021-02-06 01:55:25,338.17,0.0,0.0,1.0
2021-02-06 01:55:26,350.227,0.0,0.0,1.0
2021-02-06 01:55:27,365.498,0.0,0.0,1.0
2021-02-06 01:55:29,319.068,0.0,0.0,1.0
2021-02-06 01:55:31,272.839,0.0,0.0,1.0
2021-02-06 01:55:32,330.255,0.0,0.0,1.0
2021-02-06 01:55:36,340.037,0.0,0.0,1.0
2021-02-06 01:55:37,275.152,0.0,0.0,1.0
2021-02-06 01:55:38,301.786,0.0,0.0,1.0
2021-02-06 01:55:39,328.656,0.0,0.0,1.0
2021-02-06 01:55:40,377.639,0.0,0.0,1.0
2021-02-06 01:55:41,389.682,0.0,0.0,1.0
2021-02-06 01:55:42,366.017,0.0,0.0,1.0
2021-02-06 01:55:43,261.933,0.0,0.0,1.0
2021-02-06 01:55:44,287.004,0.0,0.0,1.0
2021-02-06 01:55:45,291.373,0.0,0.0,1.0
2021-02-06 01:55:46,365.562,0.0,0.0,1.0
2021-02-06 01:55:47,371.495,0.0,0.0,1.0
2021-02-06 01:55:48,327.831,0.0,0.0,1.0
2021-02-06 01:55:49,381.207,0.0,0.0,1.0
2021-02-06 01:55:50,358.071,0.0,0.0,1.0
2021-02-06 01:55:51,364.392,0.0,0.0,1.0
2021-02-06 01:55:52,335.381,0.0,0.0,1.0
2021-02-06 01:55:53,378.712,0.0,0.0,1.0
2021-02-06 01:55:54,337.584,0.0,0.0,1.0
2021-02-06 01:55:55,347.614,0.0,0.0,1.0
2021-02-06 01:55:56,337.748,0.0,0.0,1.0
2021-02-06 01:55:57,310.518,0.0,0.0,1.0
2021-02-06 01:55:58,335.813,0.0,0.0,1.0
2021-02-06 01:55:59,338.607,0.0,0.0,1.0
2021-02-06 01:56:00,326.122,0.0,0.0,1.0
2021-02-06 01:55:28,410.999,0.0,0.0,1.0
2021-02-06 01:55:33,416.19,0.0,0.0,1.0
2021-02-06 01:55:35,425.087,0.0,0.0,1.0
2021-02-06 01:55:30,249.857,0.0,0.0,1.0
2021-02-06 01:55:34,444.512,0.0,0.0,1.0
